user_id,item_id,rating
user_464,activity_196,5
user_357,activity_258,5
user_22,activity_52,5
user_201,activity_82,1
user_84,activity_77,1
user_365,activity_0,3
user_172,activity_204,4
user_445,activity_287,2
user_347,activity_94,2
user_249,activity_161,3
user_378,activity_267,1
user_53,activity_235,5
user_477,activity_221,3
user_312,activity_111,5
user_340,activity_65,3
user_434,activity_102,4
user_225,activity_293,2
user_97,activity_285,3
user_434,activity_248,1
user_471,activity_29,2
user_50,activity_80,5
user_284,activity_137,1
user_329,activity_272,4
user_339,activity_68,2
user_261,activity_52,2
user_204,activity_125,3
user_42,activity_239,3
user_370,activity_110,1
user_150,activity_182,3
user_373,activity_7,4
user_359,activity_183,1
user_194,activity_194,3
user_92,activity_159,2
user_60,activity_121,3
user_402,activity_276,5
user_465,activity_91,2
user_316,activity_21,5
user_325,activity_0,5
user_232,activity_11,2
user_45,activity_33,1
user_77,activity_217,5
user_410,activity_72,2
user_248,activity_46,1
user_213,activity_238,3
user_318,activity_47,5
user_336,activity_25,4
user_256,activity_7,1
user_354,activity_252,4
user_206,activity_126,2
user_27,activity_77,2
user_364,activity_153,3
user_311,activity_6,3
user_110,activity_237,3
user_238,activity_273,2
user_293,activity_226,3
user_14,activity_191,1
user_118,activity_27,2
user_38,activity_272,2
user_125,activity_299,1
user_144,activity_12,4
user_24,activity_67,2
user_66,activity_232,5
user_145,activity_110,4
user_110,activity_33,1
user_235,activity_82,2
user_424,activity_100,4
user_281,activity_225,3
user_439,activity_228,1
user_288,activity_149,5
user_197,activity_69,4
user_349,activity_94,1
user_246,activity_242,5
user_35,activity_222,2
user_467,activity_219,3
user_3,activity_133,1
user_93,activity_61,1
user_193,activity_202,2
user_434,activity_172,4
user_132,activity_117,4
user_274,activity_211,1
user_19,activity_112,4
user_46,activity_0,2
user_141,activity_37,5
user_381,activity_138,4
user_332,activity_258,1
user_389,activity_177,2
user_260,activity_137,4
user_385,activity_12,2
user_83,activity_100,1
user_272,activity_264,3
user_398,activity_37,3
user_93,activity_94,1
user_68,activity_235,2
user_333,activity_136,2
user_75,activity_34,1
user_295,activity_59,5
user_327,activity_266,1
user_228,activity_269,4
user_285,activity_290,5
user_164,activity_4,3
user_378,activity_77,2
user_61,activity_131,1
user_236,activity_41,1
user_401,activity_295,3
user_124,activity_22,1
user_152,activity_144,1
user_494,activity_103,3
user_38,activity_197,3
user_390,activity_178,2
user_447,activity_14,5
user_288,activity_230,3
user_419,activity_156,1
user_96,activity_288,4
user_85,activity_9,5
user_122,activity_117,5
user_158,activity_227,5
user_215,activity_183,5
user_135,activity_260,5
user_46,activity_172,2
user_410,activity_94,3
user_242,activity_291,2
user_298,activity_282,5
user_147,activity_10,2
user_359,activity_37,2
user_301,activity_217,5
user_103,activity_209,1
user_480,activity_110,4
user_170,activity_132,5
user_327,activity_126,2
user_496,activity_91,2
user_392,activity_50,5
user_461,activity_295,1
user_213,activity_266,1
user_301,activity_100,5
user_345,activity_109,4
user_181,activity_0,3
user_423,activity_148,1
user_308,activity_136,2
user_435,activity_116,2
user_424,activity_290,4
user_24,activity_89,3
user_293,activity_209,3
user_417,activity_16,3
user_442,activity_250,3
user_181,activity_151,1
user_454,activity_179,5
user_343,activity_160,1
user_284,activity_62,3
user_149,activity_153,4
user_369,activity_48,1
user_83,activity_176,4
user_117,activity_62,5
user_359,activity_48,1
user_223,activity_140,3
user_378,activity_210,5
user_304,activity_285,3
user_17,activity_256,3
user_174,activity_193,4
user_112,activity_113,3
user_318,activity_131,1
user_263,activity_54,3
user_287,activity_265,2
user_466,activity_161,4
user_480,activity_86,4
user_287,activity_177,5
user_7,activity_246,3
user_471,activity_254,5
user_327,activity_53,1
user_238,activity_228,3
user_50,activity_96,4
user_494,activity_263,2
user_290,activity_95,3
user_399,activity_164,5
user_397,activity_222,2
user_6,activity_262,1
user_150,activity_84,3
user_111,activity_35,5
user_187,activity_81,2
user_384,activity_196,4
user_10,activity_233,2
user_194,activity_118,4
user_19,activity_260,5
user_421,activity_255,1
user_225,activity_52,4
user_354,activity_279,1
user_201,activity_157,3
user_493,activity_214,1
user_369,activity_114,1
user_13,activity_8,2
user_236,activity_280,1
user_245,activity_277,3
user_493,activity_3,2
user_441,activity_28,5
user_97,activity_214,5
user_74,activity_145,5
user_41,activity_40,2
user_16,activity_164,1
user_485,activity_75,5
user_361,activity_26,1
user_286,activity_133,3
user_167,activity_97,4
user_236,activity_172,1
user_409,activity_189,2
user_45,activity_63,2
user_309,activity_192,3
user_180,activity_291,3
user_281,activity_28,5
user_266,activity_295,3
user_163,activity_112,3
user_294,activity_231,3
user_309,activity_97,5
user_311,activity_288,2
user_35,activity_238,4
user_466,activity_226,4
user_490,activity_200,2
user_449,activity_72,1
user_295,activity_16,1
user_216,activity_60,3
user_103,activity_41,1
user_38,activity_290,3
user_497,activity_228,4
user_171,activity_101,2
user_11,activity_274,5
user_43,activity_16,2
user_56,activity_11,3
user_263,activity_148,1
user_214,activity_197,1
user_465,activity_88,4
user_142,activity_58,2
user_488,activity_25,2
user_15,activity_198,1
user_406,activity_281,5
user_85,activity_249,5
user_6,activity_136,3
user_175,activity_214,5
user_81,activity_222,4
user_422,activity_102,1
user_13,activity_158,3
user_107,activity_187,5
user_97,activity_130,5
user_170,activity_182,4
user_38,activity_14,1
user_3,activity_209,1
user_15,activity_107,2
user_310,activity_226,2
user_33,activity_250,5
user_140,activity_273,3
user_378,activity_38,4
user_28,activity_244,4
user_184,activity_271,4
user_238,activity_265,1
user_358,activity_64,1
user_2,activity_141,2
user_323,activity_145,5
user_152,activity_192,5
user_493,activity_72,1
user_376,activity_139,3
user_292,activity_60,5
user_426,activity_197,3
user_61,activity_225,1
user_198,activity_51,4
user_58,activity_71,4
user_348,activity_62,5
user_242,activity_106,2
user_312,activity_217,1
user_240,activity_258,5
user_260,activity_53,1
user_8,activity_98,4
user_377,activity_240,5
user_378,activity_177,2
user_61,activity_144,3
user_159,activity_226,5
user_119,activity_88,1
user_67,activity_97,3
user_104,activity_122,4
user_28,activity_136,3
user_408,activity_225,4
user_169,activity_8,1
user_260,activity_225,4
user_462,activity_37,3
user_388,activity_175,2
user_401,activity_36,4
user_175,activity_283,5
user_460,activity_80,2
user_39,activity_223,5
user_114,activity_185,3
user_55,activity_39,2
user_39,activity_236,1
user_261,activity_215,3
user_335,activity_167,4
user_352,activity_58,3
user_303,activity_168,5
user_362,activity_44,1
user_180,activity_169,4
user_190,activity_154,4
user_6,activity_132,3
user_44,activity_248,3
user_30,activity_22,2
user_393,activity_159,3
user_436,activity_157,2
user_355,activity_257,5
user_476,activity_11,2
user_223,activity_12,3
user_112,activity_232,1
user_359,activity_222,2
user_187,activity_162,3
user_413,activity_73,1
user_223,activity_59,5
user_476,activity_277,4
user_403,activity_241,4
user_218,activity_191,1
user_11,activity_192,2
user_119,activity_209,2
user_269,activity_191,5
user_203,activity_163,3
user_226,activity_6,5
user_394,activity_32,3
user_458,activity_57,2
user_481,activity_225,5
user_3,activity_98,5
user_488,activity_38,5
user_156,activity_74,4
user_287,activity_129,4
user_21,activity_26,3
user_336,activity_235,4
user_476,activity_20,5
user_442,activity_83,3
user_440,activity_256,2
user_379,activity_14,2
user_444,activity_162,1
user_280,activity_279,4
user_273,activity_270,4
user_207,activity_26,4
user_429,activity_144,5
user_308,activity_7,3
user_173,activity_49,4
user_198,activity_180,4
user_377,activity_45,1
user_221,activity_205,1
user_381,activity_235,4
user_227,activity_8,1
user_443,activity_213,5
user_116,activity_71,3
user_63,activity_204,1
user_71,activity_276,2
user_477,activity_94,3
user_300,activity_216,1
user_101,activity_266,3
user_87,activity_40,1
user_75,activity_45,4
user_147,activity_160,2
user_423,activity_241,4
user_352,activity_1,1
user_288,activity_232,5
user_413,activity_76,4
user_153,activity_102,2
user_165,activity_89,2
user_497,activity_142,2
user_105,activity_122,1
user_261,activity_72,1
user_369,activity_203,2
user_347,activity_83,3
user_382,activity_6,3
user_83,activity_207,4
user_389,activity_21,2
user_382,activity_2,1
user_187,activity_13,3
user_465,activity_11,4
user_396,activity_24,5
user_242,activity_121,3
user_54,activity_237,4
user_172,activity_220,5
user_182,activity_287,3
user_299,activity_81,2
user_210,activity_149,5
user_351,activity_58,3
user_411,activity_201,3
user_34,activity_92,1
user_390,activity_212,2
user_444,activity_23,4
user_292,activity_3,4
user_363,activity_19,4
user_151,activity_49,1
user_434,activity_95,1
user_419,activity_249,5
user_353,activity_227,2
user_334,activity_261,2
user_242,activity_185,5
user_267,activity_130,5
user_17,activity_39,5
user_398,activity_224,3
user_281,activity_7,4
user_239,activity_86,2
user_427,activity_13,2
user_374,activity_292,5
user_421,activity_40,4
user_380,activity_110,1
user_83,activity_129,1
user_378,activity_27,2
user_162,activity_228,5
user_448,activity_163,5
user_406,activity_286,3
user_9,activity_194,2
user_92,activity_265,4
user_349,activity_256,5
user_275,activity_263,3
user_459,activity_0,1
user_63,activity_283,1
user_106,activity_174,5
user_203,activity_164,1
user_496,activity_119,4
user_311,activity_155,4
user_250,activity_129,1
user_292,activity_19,2
user_284,activity_0,3
user_197,activity_244,3
user_324,activity_160,1
user_178,activity_205,4
user_489,activity_275,5
user_241,activity_215,3
user_298,activity_125,2
user_216,activity_284,1
user_38,activity_222,3
user_177,activity_293,4
user_150,activity_125,5
user_307,activity_233,4
user_374,activity_7,2
user_340,activity_128,5
user_351,activity_4,2
user_192,activity_118,2
user_426,activity_113,2
user_144,activity_25,1
user_75,activity_288,1
user_146,activity_286,5
user_303,activity_68,1
user_89,activity_219,2
user_497,activity_191,1
user_160,activity_168,1
user_175,activity_268,1
user_244,activity_76,1
user_458,activity_97,5
user_101,activity_131,3
user_453,activity_81,5
user_488,activity_278,3
user_364,activity_128,1
user_212,activity_142,1
user_75,activity_198,5
user_402,activity_92,1
user_416,activity_223,1
user_290,activity_101,2
user_266,activity_109,2
user_449,activity_264,3
user_84,activity_281,2
user_453,activity_116,5
user_153,activity_152,4
user_132,activity_292,4
user_227,activity_270,3
user_431,activity_20,3
user_335,activity_116,4
user_398,activity_280,4
user_202,activity_50,4
user_276,activity_140,3
user_289,activity_51,3
user_156,activity_238,4
user_290,activity_135,2
user_419,activity_157,2
user_1,activity_76,4
user_89,activity_262,4
user_73,activity_38,5
user_158,activity_70,1
user_425,activity_297,4
user_83,activity_262,1
user_171,activity_172,2
user_46,activity_140,5
user_213,activity_219,1
user_25,activity_8,2
user_471,activity_120,5
user_169,activity_71,1
user_153,activity_292,4
user_49,activity_151,3
user_99,activity_59,2
user_344,activity_145,3
user_163,activity_241,5
user_174,activity_48,3
user_107,activity_225,1
user_118,activity_148,1
user_149,activity_292,3
user_475,activity_159,3
user_137,activity_77,5
user_440,activity_253,1
user_257,activity_290,5
user_145,activity_41,5
user_166,activity_240,3
user_486,activity_279,4
user_301,activity_18,4
user_217,activity_101,2
user_287,activity_166,5
user_493,activity_35,5
user_352,activity_163,3
user_72,activity_135,1
user_378,activity_69,1
user_486,activity_195,5
user_48,activity_129,4
user_4,activity_26,5
user_263,activity_229,2
user_66,activity_299,5
user_57,activity_258,2
user_214,activity_171,2
user_101,activity_208,3
user_353,activity_285,4
user_263,activity_149,4
user_441,activity_35,5
user_332,activity_286,1
user_310,activity_207,2
user_445,activity_157,1
user_54,activity_11,1
user_399,activity_135,4
user_2,activity_143,5
user_278,activity_114,5
user_467,activity_247,4
user_320,activity_120,5
user_83,activity_230,1
user_271,activity_37,4
user_225,activity_141,4
user_480,activity_150,2
user_236,activity_65,1
user_340,activity_257,3
user_248,activity_179,2
user_195,activity_261,3
user_405,activity_142,4
user_100,activity_243,2
user_11,activity_238,1
user_41,activity_165,2
user_428,activity_290,2
user_157,activity_133,3
user_335,activity_6,4
user_13,activity_72,5
user_162,activity_65,3
user_129,activity_205,4
user_465,activity_255,2
user_24,activity_280,5
user_309,activity_288,4
user_94,activity_269,1
user_109,activity_237,5
user_435,activity_24,5
user_116,activity_24,4
user_172,activity_11,4
user_140,activity_30,4
user_145,activity_159,5
user_42,activity_253,2
user_59,activity_150,3
user_286,activity_4,3
user_417,activity_265,1
user_129,activity_266,2
user_252,activity_55,1
user_470,activity_82,1
user_98,activity_148,1
user_155,activity_189,3
user_262,activity_79,4
user_96,activity_259,4
user_102,activity_39,1
user_100,activity_220,4
user_419,activity_123,2
user_62,activity_115,5
user_482,activity_6,3
user_91,activity_13,5
user_85,activity_132,2
user_61,activity_218,5
user_245,activity_229,5
user_137,activity_64,5
user_212,activity_241,5
user_212,activity_180,2
user_484,activity_172,4
user_464,activity_187,3
user_190,activity_255,5
user_281,activity_195,2
user_51,activity_111,4
user_81,activity_231,3
user_232,activity_220,4
user_412,activity_41,5
user_41,activity_112,1
user_191,activity_16,1
user_424,activity_128,2
user_59,activity_47,5
user_96,activity_9,2
user_313,activity_231,5
user_283,activity_202,2
user_263,activity_213,1
user_78,activity_172,3
user_68,activity_86,5
user_7,activity_199,1
user_86,activity_42,1
user_108,activity_151,1
user_132,activity_147,5
user_231,activity_227,3
user_435,activity_210,3
user_27,activity_50,3
user_441,activity_260,5
user_349,activity_7,2
user_37,activity_110,4
user_336,activity_222,1
user_328,activity_48,4
user_381,activity_77,1
user_168,activity_216,2
user_118,activity_189,2
user_265,activity_148,4
user_139,activity_257,5
user_180,activity_159,4
user_225,activity_10,2
user_270,activity_272,2
user_182,activity_152,3
user_333,activity_123,2
user_472,activity_113,4
user_413,activity_212,4
user_287,activity_173,1
user_375,activity_121,1
user_267,activity_232,2
user_148,activity_148,4
user_223,activity_202,3
user_344,activity_21,4
user_284,activity_268,2
user_257,activity_28,5
user_462,activity_282,2
user_94,activity_87,4
user_460,activity_277,3
user_420,activity_188,1
user_183,activity_2,3
user_22,activity_29,4
user_366,activity_280,5
user_110,activity_135,2
user_185,activity_143,1
user_363,activity_260,3
user_448,activity_103,3
user_223,activity_9,5
user_383,activity_230,3
user_410,activity_65,1
user_111,activity_12,1
user_499,activity_85,2
user_89,activity_53,4
user_208,activity_13,1
user_417,activity_19,3
user_399,activity_242,3
user_100,activity_185,4
user_110,activity_131,4
user_393,activity_23,3
user_153,activity_292,5
user_309,activity_201,4
user_187,activity_56,5
user_19,activity_272,4
user_220,activity_13,3
user_215,activity_228,2
user_54,activity_253,2
user_157,activity_81,3
user_158,activity_187,4
user_402,activity_210,5
user_75,activity_29,2
user_485,activity_116,4
user_191,activity_18,5
user_227,activity_182,1
user_182,activity_145,4
user_112,activity_250,4
user_250,activity_117,5
user_160,activity_197,4
user_147,activity_239,3
user_398,activity_197,4
user_74,activity_136,2
user_399,activity_60,2
user_49,activity_258,5
user_106,activity_112,5
user_197,activity_50,5
user_402,activity_34,2
user_498,activity_68,5
user_319,activity_48,5
user_73,activity_191,5
user_355,activity_69,2
user_259,activity_125,2
user_418,activity_128,1
user_99,activity_296,4
user_363,activity_187,1
user_30,activity_83,1
user_35,activity_212,4
user_105,activity_219,3
user_438,activity_219,2
user_335,activity_181,2
user_216,activity_204,4
user_328,activity_227,3
user_83,activity_249,3
user_440,activity_20,4
user_177,activity_6,2
user_159,activity_247,3
user_147,activity_142,5
user_425,activity_153,4
user_375,activity_141,1
user_164,activity_20,2
user_68,activity_130,2
user_420,activity_160,2
user_116,activity_195,2
user_326,activity_85,1
user_80,activity_151,5
user_60,activity_27,2
user_42,activity_168,1
user_16,activity_97,2
user_64,activity_4,2
user_21,activity_111,1
user_65,activity_97,3
user_124,activity_166,4
user_343,activity_293,4
user_58,activity_137,3
user_191,activity_242,1
user_447,activity_31,5
user_19,activity_153,4
user_365,activity_213,5
user_78,activity_213,4
user_91,activity_269,3
user_380,activity_167,2
user_283,activity_25,1
user_446,activity_65,1
user_247,activity_253,3
user_455,activity_43,1
user_41,activity_226,4
user_278,activity_88,3
user_177,activity_196,3
user_266,activity_267,2
user_7,activity_296,4
user_484,activity_84,1
user_46,activity_237,2
user_41,activity_267,2
user_262,activity_258,3
user_113,activity_39,1
user_219,activity_128,5
user_415,activity_175,3
user_100,activity_259,3
user_31,activity_136,4
user_394,activity_15,1
user_62,activity_108,5
user_20,activity_157,5
user_161,activity_259,4
user_101,activity_222,3
user_246,activity_127,3
user_324,activity_24,3
user_352,activity_195,1
user_403,activity_153,5
user_226,activity_188,4
user_476,activity_264,4
user_485,activity_133,3
user_59,activity_212,2
user_469,activity_130,4
user_475,activity_285,2
user_495,activity_276,4
user_247,activity_217,1
user_468,activity_162,4
user_33,activity_40,3
user_430,activity_74,1
user_278,activity_175,1
user_324,activity_107,3
user_349,activity_270,3
user_418,activity_288,4
user_380,activity_271,2
user_65,activity_247,4
user_46,activity_200,4
user_123,activity_0,3
user_3,activity_293,5
user_226,activity_116,5
user_301,activity_141,4
user_459,activity_38,1
user_354,activity_251,5
user_206,activity_209,3
user_224,activity_133,3
user_218,activity_90,2
user_375,activity_45,4
user_327,activity_189,3
user_146,activity_29,3
user_83,activity_280,2
user_101,activity_214,1
user_82,activity_109,3
user_386,activity_274,1
user_283,activity_172,1
user_250,activity_123,1
user_274,activity_119,5
user_316,activity_163,1
user_285,activity_264,1
user_375,activity_88,3
user_308,activity_226,1
user_442,activity_221,1
user_195,activity_67,4
user_263,activity_1,1
user_124,activity_109,1
user_119,activity_126,5
user_61,activity_157,4
user_34,activity_266,2
user_468,activity_254,5
user_324,activity_275,5
user_450,activity_171,1
user_200,activity_34,1
user_481,activity_215,1
user_7,activity_75,1
user_146,activity_25,4
user_92,activity_231,5
user_306,activity_37,4
user_156,activity_178,4
user_310,activity_27,4
user_405,activity_75,5
user_66,activity_193,2
user_346,activity_256,1
user_209,activity_60,4
user_261,activity_217,3
user_135,activity_92,5
user_240,activity_141,3
user_431,activity_236,4
user_311,activity_176,5
user_188,activity_48,1
user_189,activity_135,3
user_403,activity_89,5
user_244,activity_191,2
user_362,activity_232,1
user_343,activity_36,1
user_40,activity_16,5
user_306,activity_58,1
user_38,activity_191,3
user_493,activity_146,3
user_332,activity_126,5
user_0,activity_167,4
user_18,activity_71,5
user_108,activity_267,5
user_239,activity_89,4
user_249,activity_7,1
user_346,activity_173,5
user_430,activity_214,1
user_174,activity_145,2
user_323,activity_160,4
user_81,activity_146,4
user_423,activity_83,1
user_224,activity_242,1
user_422,activity_257,5
user_104,activity_201,2
user_306,activity_265,2
user_50,activity_117,1
user_376,activity_38,4
user_258,activity_83,3
user_116,activity_1,5
user_165,activity_295,2
user_80,activity_267,3
user_234,activity_212,1
user_126,activity_222,1
user_278,activity_293,4
user_276,activity_106,2
user_419,activity_98,5
user_374,activity_72,5
user_485,activity_121,4
user_363,activity_287,3
user_194,activity_155,4
user_334,activity_40,3
user_47,activity_159,2
user_312,activity_117,4
user_379,activity_166,2
user_439,activity_155,5
user_6,activity_195,5
user_55,activity_192,4
user_274,activity_156,2
user_443,activity_125,3
user_304,activity_293,5
user_391,activity_175,4
user_439,activity_203,1
user_30,activity_112,5
user_433,activity_66,3
user_44,activity_259,2
user_154,activity_233,3
user_305,activity_261,3
user_124,activity_244,2
user_484,activity_121,5
user_36,activity_169,4
user_356,activity_34,4
user_273,activity_200,1
user_284,activity_76,3
user_430,activity_125,4
user_400,activity_108,4
user_68,activity_164,1
user_304,activity_161,5
user_341,activity_41,2
user_415,activity_108,3
user_249,activity_20,4
user_138,activity_91,5
user_482,activity_110,2
user_138,activity_272,3
user_251,activity_103,1
user_151,activity_249,3
user_164,activity_7,4
user_4,activity_144,5
user_163,activity_146,3
user_116,activity_266,5
user_46,activity_139,5
user_245,activity_4,1
user_183,activity_19,1
user_45,activity_11,1
user_370,activity_146,2
user_303,activity_107,4
user_307,activity_69,2
user_227,activity_101,3
user_416,activity_215,3
user_202,activity_191,1
user_498,activity_241,1
user_178,activity_218,2
user_91,activity_174,4
user_390,activity_162,1
user_327,activity_115,5
user_336,activity_224,3
user_62,activity_293,3
user_442,activity_12,5
user_286,activity_207,2
user_479,activity_21,5
user_213,activity_170,3
user_53,activity_297,5
user_463,activity_203,2
user_168,activity_151,3
user_183,activity_285,1
user_221,activity_162,3
user_369,activity_263,2
user_112,activity_29,3
user_64,activity_291,1
user_36,activity_0,5
user_140,activity_231,5
user_187,activity_127,1
user_126,activity_256,4
user_34,activity_193,1
user_289,activity_259,3
user_354,activity_71,3
user_397,activity_187,5
user_172,activity_289,5
user_60,activity_82,3
user_357,activity_15,2
user_423,activity_144,2
user_233,activity_143,4
user_321,activity_12,4
user_289,activity_294,3
user_391,activity_214,3
user_117,activity_220,5
user_294,activity_232,5
user_268,activity_20,3
user_52,activity_274,1
user_280,activity_213,1
user_182,activity_22,2
user_9,activity_53,4
user_147,activity_159,2
user_13,activity_177,4
user_365,activity_52,4
user_204,activity_58,2
user_11,activity_118,2
user_337,activity_247,2
user_126,activity_74,1
user_203,activity_48,1
user_478,activity_240,2
user_348,activity_153,2
user_95,activity_213,1
user_342,activity_87,2
user_263,activity_156,4
user_138,activity_120,1
user_106,activity_146,1
user_410,activity_161,4
user_451,activity_99,2
user_398,activity_140,3
user_176,activity_197,4
user_178,activity_185,2
user_412,activity_216,2
user_174,activity_22,5
user_404,activity_234,5
user_100,activity_23,4
user_10,activity_272,4
user_430,activity_280,1
user_20,activity_210,4
user_292,activity_297,1
user_100,activity_27,1
user_354,activity_145,3
user_235,activity_12,2
user_228,activity_99,2
user_15,activity_136,1
user_165,activity_99,5
user_342,activity_172,5
user_161,activity_215,4
user_273,activity_2,4
user_325,activity_148,4
user_487,activity_64,4
user_20,activity_251,3
user_226,activity_12,1
user_48,activity_117,2
user_52,activity_43,5
user_73,activity_45,5
user_164,activity_101,2
user_469,activity_137,3
user_408,activity_110,1
user_267,activity_181,4
user_23,activity_28,3
user_408,activity_227,2
user_187,activity_229,1
user_339,activity_118,4
user_271,activity_174,1
user_103,activity_91,2
user_459,activity_282,5
user_169,activity_186,1
user_161,activity_133,5
user_152,activity_32,2
user_6,activity_243,1
user_125,activity_11,3
user_372,activity_134,4
user_110,activity_159,3
user_263,activity_224,1
user_455,activity_44,3
user_131,activity_103,3
user_412,activity_156,2
user_225,activity_204,4
user_470,activity_217,4
user_89,activity_103,1
user_118,activity_132,4
user_433,activity_142,4
user_277,activity_232,1
user_58,activity_89,4
user_198,activity_25,1
user_393,activity_266,5
user_180,activity_67,4
user_458,activity_48,4
user_101,activity_215,4
user_56,activity_46,1
user_173,activity_241,2
user_240,activity_4,4
user_307,activity_247,1
user_433,activity_225,5
user_121,activity_276,5
user_389,activity_293,2
user_77,activity_201,5
user_222,activity_221,3
user_477,activity_5,5
user_7,activity_234,4
user_160,activity_208,3
user_332,activity_49,3
user_350,activity_155,4
user_69,activity_168,4
user_354,activity_251,3
user_89,activity_138,5
user_88,activity_273,3
user_470,activity_153,4
user_107,activity_284,3
user_124,activity_272,3
user_298,activity_244,2
user_417,activity_246,5
user_361,activity_7,4
user_494,activity_93,1
user_426,activity_38,1
user_186,activity_83,2
user_341,activity_92,4
user_136,activity_73,4
user_100,activity_155,2
user_254,activity_170,5
user_215,activity_169,4
user_359,activity_54,3
user_277,activity_100,3
user_376,activity_140,5
user_9,activity_227,1
user_437,activity_247,3
user_33,activity_128,1
user_92,activity_240,3
user_467,activity_116,3
user_98,activity_112,3
user_345,activity_205,1
user_273,activity_172,4
user_348,activity_180,3
user_81,activity_113,1
user_57,activity_153,5
user_403,activity_115,2
user_314,activity_202,1
user_104,activity_192,1
user_277,activity_236,1
user_220,activity_67,5
user_255,activity_138,3
user_148,activity_98,4
user_281,activity_108,4
user_198,activity_153,5
user_404,activity_131,2
user_83,activity_241,4
user_108,activity_220,1
user_367,activity_146,4
user_493,activity_270,3
user_420,activity_194,3
user_39,activity_188,4
user_481,activity_23,2
user_3,activity_289,1
user_432,activity_180,4
user_278,activity_68,5
user_317,activity_168,1
user_248,activity_187,5
user_312,activity_137,5
user_316,activity_211,3
user_383,activity_178,4
user_475,activity_37,3
user_419,activity_238,1
user_452,activity_29,5
user_24,activity_111,3
user_434,activity_205,1
user_381,activity_46,4
user_38,activity_15,5
user_309,activity_148,1
user_271,activity_58,2
user_201,activity_31,3
user_161,activity_254,1
user_464,activity_138,2
user_213,activity_272,4
user_47,activity_110,1
user_122,activity_101,1
user_320,activity_190,1
user_50,activity_291,1
user_488,activity_87,2
user_103,activity_270,3
user_197,activity_0,2
user_166,activity_125,1
user_80,activity_250,1
user_476,activity_72,5
user_69,activity_261,4
user_307,activity_244,3
user_336,activity_62,1
user_75,activity_174,5
user_182,activity_191,1
user_336,activity_270,4
user_31,activity_127,4
user_401,activity_42,4
user_418,activity_77,2
user_288,activity_269,2
user_188,activity_246,4
user_215,activity_167,3
user_192,activity_282,5
user_239,activity_146,4
user_79,activity_42,2
user_88,activity_147,4
user_427,activity_150,2
user_375,activity_21,3
user_312,activity_6,3
user_113,activity_271,3
user_178,activity_209,4
user_463,activity_123,1
user_112,activity_11,5
user_330,activity_282,4
user_400,activity_96,5
user_56,activity_68,3
user_32,activity_49,1
user_18,activity_213,5
user_378,activity_46,4
user_288,activity_140,4
user_181,activity_78,3
user_127,activity_247,4
user_28,activity_279,2
user_318,activity_201,1
user_56,activity_217,5
user_201,activity_16,2
user_5,activity_57,5
user_411,activity_168,5
user_81,activity_218,1
user_203,activity_70,3
user_386,activity_265,2
user_344,activity_290,2
user_123,activity_279,2
user_165,activity_21,2
user_426,activity_294,3
user_156,activity_229,4
user_474,activity_40,4
user_107,activity_83,3
user_366,activity_289,3
user_133,activity_206,3
user_265,activity_72,1
user_351,activity_47,1
user_442,activity_99,3
user_257,activity_64,3
user_153,activity_265,5
user_78,activity_149,3
user_47,activity_247,4
user_97,activity_24,5
user_283,activity_67,1
user_136,activity_163,3
user_384,activity_137,4
user_72,activity_236,2
user_415,activity_287,1
user_329,activity_282,2
user_418,activity_243,3
user_340,activity_126,1
user_411,activity_270,4
user_92,activity_72,3
user_409,activity_247,4
user_272,activity_42,1
user_40,activity_169,2
user_211,activity_167,1
user_244,activity_150,4
user_46,activity_62,1
user_365,activity_68,3
user_431,activity_289,3
user_60,activity_160,3
user_15,activity_93,2
user_337,activity_37,3
user_163,activity_76,3
user_457,activity_90,3
user_493,activity_208,1
user_389,activity_106,1
user_294,activity_283,1
user_181,activity_36,1
user_337,activity_55,3
user_340,activity_257,5
user_57,activity_122,4
user_229,activity_167,4
user_113,activity_251,3
user_36,activity_91,2
user_353,activity_62,3
user_185,activity_184,5
user_259,activity_213,5
user_362,activity_87,4
user_475,activity_206,1
user_310,activity_2,2
user_120,activity_101,5
user_495,activity_132,1
user_201,activity_20,2
user_454,activity_108,4
user_82,activity_290,4
user_68,activity_128,4
user_139,activity_282,2
user_22,activity_152,5
user_60,activity_51,1
user_236,activity_31,5
user_35,activity_109,2
user_176,activity_294,1
user_368,activity_212,5
user_136,activity_5,3
user_108,activity_34,1
user_117,activity_260,2
user_86,activity_75,3
user_413,activity_213,1
user_284,activity_238,5
user_86,activity_140,4
user_494,activity_111,5
user_400,activity_246,5
user_449,activity_133,4
user_17,activity_93,1
user_413,activity_208,3
user_415,activity_121,2
user_494,activity_114,4
user_161,activity_200,2
user_27,activity_10,3
user_117,activity_151,3
user_136,activity_174,1
user_445,activity_18,3
user_329,activity_174,2
user_448,activity_140,1
user_417,activity_92,5
user_47,activity_244,5
user_412,activity_294,2
user_16,activity_70,5
user_324,activity_281,1
user_450,activity_6,2
user_304,activity_102,5
user_192,activity_240,1
user_170,activity_24,3
user_252,activity_206,5
user_116,activity_281,4
user_143,activity_24,4
user_72,activity_119,1
user_92,activity_85,1
user_498,activity_117,1
user_198,activity_205,5
user_338,activity_146,2
user_424,activity_270,3
user_138,activity_180,1
user_231,activity_145,3
user_383,activity_47,2
user_223,activity_135,4
user_238,activity_184,4
user_334,activity_219,4
user_312,activity_48,5
user_81,activity_44,4
user_447,activity_220,3
user_233,activity_220,3
user_338,activity_2,3
user_438,activity_61,4
user_59,activity_121,3
user_95,activity_234,2
user_61,activity_255,1
user_392,activity_158,4
user_481,activity_206,1
user_419,activity_135,1
user_249,activity_294,2
user_499,activity_208,3
user_484,activity_210,4
user_28,activity_58,4
user_264,activity_219,5
user_441,activity_214,3
user_276,activity_63,2
user_291,activity_244,2
user_331,activity_169,5
user_268,activity_266,3
user_312,activity_39,5
user_442,activity_93,4
user_137,activity_299,3
user_206,activity_80,2
user_1,activity_177,4
user_370,activity_278,2
user_317,activity_223,1
user_383,activity_61,1
user_238,activity_194,3
user_221,activity_60,1
user_477,activity_172,4
user_404,activity_109,5
user_410,activity_277,2
user_486,activity_206,4
user_479,activity_278,4
user_356,activity_203,1
user_27,activity_256,5
user_62,activity_21,5
user_404,activity_95,3
user_78,activity_4,4
user_119,activity_177,1
user_55,activity_186,5
user_454,activity_103,5
user_229,activity_257,3
user_480,activity_181,5
user_255,activity_37,3
user_275,activity_139,3
user_444,activity_286,3
user_479,activity_60,2
user_450,activity_162,5
user_268,activity_290,4
user_458,activity_186,5
user_498,activity_290,2
user_432,activity_182,3
user_441,activity_2,5
user_340,activity_124,2
user_338,activity_24,4
user_60,activity_28,3
user_170,activity_73,5
user_426,activity_152,4
user_47,activity_210,3
user_109,activity_182,4
user_196,activity_190,3
user_388,activity_50,5
user_267,activity_49,4
user_245,activity_112,2
user_467,activity_165,1
user_13,activity_202,3
user_188,activity_154,2
user_375,activity_74,5
user_427,activity_132,1
user_58,activity_181,2
user_405,activity_63,4
user_192,activity_142,4
user_405,activity_213,2
user_430,activity_208,5
user_429,activity_141,2
user_403,activity_111,1
user_374,activity_58,3
user_206,activity_267,4
user_221,activity_165,3
user_155,activity_183,2
user_93,activity_12,5
user_321,activity_292,1
user_229,activity_291,2
user_74,activity_298,4
user_7,activity_28,2
user_413,activity_208,4
user_115,activity_143,3
user_6,activity_44,3
user_238,activity_154,5
user_214,activity_87,1
user_418,activity_178,4
user_292,activity_233,1
user_238,activity_222,1
user_263,activity_206,5
user_221,activity_275,4
user_230,activity_118,4
user_432,activity_272,2
user_349,activity_10,2
user_433,activity_70,4
user_57,activity_289,3
user_275,activity_49,2
user_415,activity_51,5
user_83,activity_292,1
user_295,activity_71,4
user_55,activity_109,5
user_349,activity_55,4
user_137,activity_38,4
user_48,activity_124,5
user_479,activity_35,5
user_281,activity_85,4
user_222,activity_165,2
user_30,activity_10,4
user_301,activity_95,5
user_191,activity_265,3
user_427,activity_111,4
user_445,activity_144,1
user_246,activity_222,2
user_312,activity_105,5
user_183,activity_225,1
user_277,activity_88,2
user_370,activity_105,5
user_336,activity_31,1
user_39,activity_147,2
user_218,activity_81,5
user_207,activity_200,4
user_427,activity_37,3
user_443,activity_248,3
user_47,activity_17,4
user_186,activity_223,5
user_364,activity_228,3
user_76,activity_187,2
user_269,activity_94,4
user_38,activity_71,1
user_332,activity_159,3
user_485,activity_190,4
user_52,activity_221,3
user_411,activity_130,5
user_245,activity_225,5
user_421,activity_199,1
user_5,activity_205,3
user_393,activity_255,3
user_75,activity_176,3
user_286,activity_254,5
user_189,activity_126,1
user_286,activity_253,5
user_249,activity_83,4
user_12,activity_44,2
user_113,activity_275,4
user_204,activity_272,2
user_327,activity_218,5
user_278,activity_173,3
user_473,activity_110,3
user_268,activity_228,1
user_155,activity_188,2
user_245,activity_209,1
user_285,activity_12,2
user_220,activity_237,2
user_268,activity_170,5
user_93,activity_148,1
user_423,activity_115,1
user_179,activity_201,4
user_478,activity_52,4
user_413,activity_136,1
user_43,activity_226,3
user_97,activity_207,1
user_287,activity_270,4
user_480,activity_236,1
user_440,activity_71,3
user_189,activity_267,1
user_106,activity_231,2
user_189,activity_138,3
user_350,activity_272,1
user_415,activity_220,5
user_340,activity_55,2
user_101,activity_191,3
user_309,activity_199,1
user_432,activity_226,3
user_138,activity_148,3
user_449,activity_62,3
user_358,activity_155,3
user_272,activity_5,3
user_183,activity_27,2
user_37,activity_118,5
user_370,activity_243,4
user_213,activity_217,1
user_298,activity_163,2
user_268,activity_57,1
user_104,activity_227,4
user_493,activity_82,2
user_251,activity_237,3
user_283,activity_209,1
user_446,activity_207,2
user_387,activity_136,4
user_286,activity_141,5
user_24,activity_289,3
user_249,activity_117,2
user_72,activity_281,4
user_447,activity_9,3
user_322,activity_151,5
user_194,activity_282,1
user_270,activity_162,4
user_104,activity_180,4
user_281,activity_174,2
user_470,activity_139,4
user_86,activity_175,1
user_245,activity_88,2
user_157,activity_148,1
user_339,activity_115,5
user_445,activity_293,5
user_142,activity_249,4
user_462,activity_24,5
user_471,activity_69,1
user_362,activity_111,4
user_302,activity_90,2
user_148,activity_226,3
user_39,activity_241,2
user_344,activity_179,1
user_199,activity_202,5
user_191,activity_4,2
user_236,activity_180,5
user_55,activity_236,5
user_196,activity_72,3
user_239,activity_1,1
user_359,activity_187,3
user_29,activity_266,4
user_107,activity_89,5
user_378,activity_219,2
user_93,activity_102,2
user_468,activity_183,2
user_246,activity_30,4
user_344,activity_75,1
user_438,activity_277,5
user_110,activity_248,2
user_181,activity_208,3
user_492,activity_207,1
user_16,activity_89,5
user_144,activity_165,1
user_495,activity_77,5
user_261,activity_162,5
user_142,activity_282,5
user_240,activity_244,3
user_59,activity_5,5
user_469,activity_57,1
user_406,activity_216,2
user_25,activity_4,2
user_19,activity_197,3
user_447,activity_241,2
user_387,activity_272,1
user_13,activity_12,4
user_374,activity_18,3
user_238,activity_99,3
user_415,activity_121,4
user_359,activity_144,3
user_49,activity_64,3
user_287,activity_163,5
user_453,activity_127,5
user_367,activity_238,4
user_295,activity_186,4
user_399,activity_189,4
user_428,activity_283,5
user_193,activity_286,3
user_245,activity_135,3
user_158,activity_200,5
user_449,activity_263,4
user_370,activity_102,2
user_124,activity_285,2
user_229,activity_145,2
user_196,activity_220,4
user_97,activity_170,5
user_150,activity_121,5
user_493,activity_107,4
user_92,activity_5,2
user_145,activity_270,2
user_95,activity_228,2
user_211,activity_5,3
user_446,activity_105,3
user_298,activity_95,4
user_446,activity_296,3
user_388,activity_213,3
user_21,activity_192,4
user_149,activity_246,3
user_460,activity_250,2
user_2,activity_75,1
user_17,activity_112,3
user_232,activity_278,2
user_82,activity_124,5
user_46,activity_255,1
user_411,activity_236,1
user_73,activity_205,2
user_493,activity_93,1
user_24,activity_115,2
user_265,activity_98,3
user_10,activity_84,5
user_213,activity_172,1
user_447,activity_63,2
user_331,activity_120,2
user_465,activity_53,3
user_330,activity_271,1
user_242,activity_17,3
user_186,activity_143,1
user_363,activity_238,2
user_75,activity_187,5
user_387,activity_245,2
user_473,activity_282,4
user_11,activity_140,3
user_16,activity_62,5
user_464,activity_291,5
user_7,activity_89,4
user_283,activity_117,5
user_174,activity_75,5
user_413,activity_150,2
user_70,activity_179,4
user_380,activity_292,5
user_194,activity_227,4
user_274,activity_105,5
user_63,activity_164,3
user_310,activity_284,4
user_280,activity_163,2
user_405,activity_223,2
user_452,activity_29,5
user_274,activity_33,5
user_426,activity_220,4
user_21,activity_179,4
user_366,activity_230,3
user_402,activity_37,4
user_238,activity_147,1
user_287,activity_49,2
user_4,activity_125,3
user_164,activity_277,2
user_323,activity_299,2
user_76,activity_297,1
user_105,activity_94,4
user_146,activity_158,3
user_440,activity_188,3
user_94,activity_180,2
user_186,activity_137,2
user_193,activity_272,5
user_414,activity_106,1
user_394,activity_3,2
user_366,activity_94,1
user_224,activity_46,4
user_180,activity_105,2
user_105,activity_279,4
user_107,activity_18,2
user_458,activity_295,2
user_170,activity_194,4
user_194,activity_282,1
user_181,activity_143,2
user_315,activity_181,4
user_165,activity_283,1
user_95,activity_265,4
user_297,activity_295,1
user_332,activity_41,5
user_245,activity_207,5
user_21,activity_184,4
user_241,activity_282,1
user_335,activity_161,2
user_88,activity_11,1
user_75,activity_200,2
user_351,activity_225,4
user_38,activity_59,2
user_320,activity_123,4
user_407,activity_158,1
user_77,activity_193,5
user_14,activity_11,5
user_155,activity_124,5
user_393,activity_109,5
user_145,activity_215,2
user_127,activity_149,4
user_172,activity_21,5
user_355,activity_216,1
user_428,activity_163,4
user_17,activity_293,3
user_150,activity_122,3
user_452,activity_148,3
user_461,activity_230,4
user_399,activity_86,5
user_198,activity_45,4
user_400,activity_168,4
user_97,activity_260,5
user_282,activity_103,3
user_205,activity_42,1
user_244,activity_286,3
user_272,activity_82,5
user_250,activity_211,3
user_132,activity_200,5
user_325,activity_94,2
user_428,activity_218,1
user_71,activity_246,1
user_211,activity_95,3
user_422,activity_53,3
user_412,activity_53,2
user_15,activity_98,4
user_45,activity_192,2
user_436,activity_110,1
user_336,activity_193,5
user_339,activity_7,5
user_111,activity_160,3
user_187,activity_162,5
user_474,activity_203,4
user_108,activity_275,1
user_166,activity_259,3
user_274,activity_101,3
user_172,activity_170,5
user_396,activity_187,1
user_85,activity_51,5
user_364,activity_42,3
user_455,activity_199,2
user_345,activity_239,3
user_25,activity_298,5
user_411,activity_136,4
user_439,activity_210,3
user_267,activity_206,3
user_153,activity_41,3
user_10,activity_293,2
user_426,activity_274,4
user_229,activity_219,1
user_354,activity_231,3
user_51,activity_262,3
user_358,activity_153,4
user_426,activity_50,5
user_420,activity_45,5
user_87,activity_207,1
user_268,activity_88,5
user_117,activity_53,1
user_115,activity_117,4
user_74,activity_6,2
user_10,activity_214,5
user_278,activity_27,3
user_366,activity_25,1
user_53,activity_28,3
user_352,activity_163,3
user_285,activity_272,3
user_207,activity_237,4
user_92,activity_172,1
user_434,activity_105,3
user_46,activity_180,4
user_421,activity_86,1
user_489,activity_6,1
user_209,activity_168,2
user_137,activity_229,3
user_307,activity_160,1
user_235,activity_187,2
user_3,activity_131,3
user_217,activity_259,1
user_70,activity_177,1
user_188,activity_290,5
user_407,activity_291,2
user_243,activity_122,3
user_282,activity_31,1
user_145,activity_155,4
user_412,activity_15,3
user_46,activity_250,3
user_30,activity_259,5
user_16,activity_38,2
user_431,activity_38,1
user_131,activity_29,3
user_65,activity_107,4
user_221,activity_291,2
user_89,activity_180,5
user_256,activity_86,2
user_236,activity_69,4
user_199,activity_151,3
user_100,activity_94,5
user_29,activity_248,2
user_32,activity_228,4
user_117,activity_154,1
user_245,activity_246,5
user_160,activity_234,5
user_270,activity_257,4
user_486,activity_171,2
user_258,activity_134,3
user_209,activity_235,5
user_185,activity_94,2
user_10,activity_67,3
user_209,activity_195,1
user_97,activity_92,2
user_171,activity_133,2
user_24,activity_184,5
user_54,activity_250,4
user_223,activity_219,3
user_118,activity_264,2
user_428,activity_149,5
user_214,activity_196,2
user_52,activity_250,2
user_270,activity_122,3
user_338,activity_265,4
user_28,activity_34,4
user_110,activity_293,5
user_348,activity_146,3
user_391,activity_7,2
user_339,activity_174,4
user_178,activity_84,3
user_44,activity_135,5
user_194,activity_8,4
user_333,activity_14,2
user_424,activity_277,1
user_484,activity_0,2
user_490,activity_207,1
user_472,activity_11,1
user_464,activity_187,2
user_493,activity_278,3
user_133,activity_24,2
user_189,activity_140,3
user_333,activity_283,2
user_314,activity_91,3
user_55,activity_154,1
user_231,activity_219,1
user_67,activity_248,2
user_495,activity_5,5
user_268,activity_196,1
user_147,activity_117,2
user_366,activity_65,2
user_300,activity_174,4
user_494,activity_113,1
user_438,activity_202,3
user_34,activity_25,5
user_427,activity_215,1
user_192,activity_50,3
user_374,activity_213,3
user_337,activity_75,4
user_347,activity_186,1
user_402,activity_27,3
user_179,activity_252,1
user_36,activity_98,2
user_126,activity_167,5
user_125,activity_149,4
user_495,activity_172,4
user_438,activity_213,5
user_281,activity_231,5
user_408,activity_64,3
user_63,activity_157,5
user_490,activity_145,1
user_404,activity_102,3
user_300,activity_87,3
user_302,activity_167,3
user_169,activity_134,2
user_431,activity_133,3
user_136,activity_244,5
user_312,activity_286,5
user_89,activity_295,5
user_76,activity_176,4
user_100,activity_245,5
user_91,activity_27,1
user_449,activity_24,2
user_497,activity_296,3
user_248,activity_37,5
user_74,activity_141,2
user_167,activity_258,5
user_354,activity_224,3
user_145,activity_240,4
user_380,activity_236,3
user_189,activity_0,4
user_152,activity_125,3
user_481,activity_225,5
user_402,activity_210,1
user_15,activity_181,3
user_328,activity_128,2
user_402,activity_235,2
user_33,activity_44,5
user_121,activity_69,1
user_47,activity_38,2
user_9,activity_29,1
user_243,activity_273,4
user_87,activity_243,5
user_328,activity_14,4
user_190,activity_167,1
user_108,activity_136,2
user_387,activity_208,3
user_376,activity_68,5
user_275,activity_78,2
user_110,activity_257,5
user_12,activity_259,2
user_108,activity_188,1
user_7,activity_66,1
user_477,activity_116,3
user_98,activity_297,5
user_163,activity_140,4
user_36,activity_73,4
user_72,activity_198,2
user_245,activity_59,5
user_150,activity_156,2
user_178,activity_196,1
user_286,activity_275,4
user_182,activity_208,5
user_129,activity_152,5
user_121,activity_219,2
user_374,activity_69,3
user_185,activity_98,2
user_74,activity_191,5
user_466,activity_213,3
user_443,activity_143,1
user_323,activity_14,1
user_491,activity_34,1
user_466,activity_99,3
user_304,activity_143,3
user_71,activity_209,4
user_79,activity_82,2
user_272,activity_190,5
user_460,activity_6,3
user_9,activity_33,4
user_408,activity_5,2
user_214,activity_133,5
user_125,activity_173,3
user_25,activity_114,2
user_283,activity_74,5
user_77,activity_89,5
user_53,activity_183,3
user_327,activity_178,4
user_111,activity_223,3
user_326,activity_108,1
user_156,activity_190,4
user_34,activity_245,5
user_103,activity_6,3
user_0,activity_218,4
user_86,activity_40,3
user_330,activity_297,5
user_416,activity_177,4
user_164,activity_186,1
user_226,activity_47,3
user_371,activity_174,3
user_115,activity_269,5
user_316,activity_94,1
user_379,activity_23,4
user_150,activity_49,2
user_334,activity_78,3
user_270,activity_49,4
user_246,activity_263,3
user_189,activity_46,5
user_360,activity_188,4
user_240,activity_268,1
user_33,activity_78,4
user_333,activity_97,2
user_454,activity_191,5
user_408,activity_37,3
user_309,activity_208,5
user_461,activity_88,5
user_339,activity_84,5
user_244,activity_21,3
user_484,activity_271,2
user_121,activity_127,1
user_426,activity_272,2
user_129,activity_131,5
user_422,activity_80,1
user_324,activity_68,4
user_447,activity_15,3
user_104,activity_164,1
user_196,activity_184,2
user_264,activity_99,2
user_438,activity_156,3
user_365,activity_96,2
user_326,activity_96,1
user_215,activity_131,4
user_124,activity_81,3
user_170,activity_58,1
user_283,activity_105,1
user_438,activity_227,4
user_69,activity_289,2
user_361,activity_55,1
user_12,activity_17,5
user_112,activity_228,3
user_294,activity_188,2
user_464,activity_78,2
user_406,activity_181,3
user_285,activity_249,2
user_313,activity_195,3
user_70,activity_247,2
user_105,activity_262,2
user_192,activity_67,1
user_51,activity_284,5
user_473,activity_8,3
user_430,activity_297,3
user_183,activity_178,4
user_471,activity_64,1
user_368,activity_23,3
user_469,activity_184,4
user_98,activity_61,5
user_21,activity_211,5
user_498,activity_41,2
user_448,activity_30,2
user_246,activity_121,1
user_293,activity_206,3
user_55,activity_56,4
user_481,activity_290,2
user_380,activity_197,5
user_320,activity_178,1
user_218,activity_276,5
user_15,activity_60,2
user_335,activity_64,4
user_73,activity_191,3
user_272,activity_186,4
user_180,activity_107,2
user_301,activity_205,3
user_1,activity_9,2
user_124,activity_80,5
user_139,activity_149,1
user_339,activity_128,5
user_57,activity_197,3
user_401,activity_44,1
user_278,activity_22,2
user_460,activity_43,3
user_281,activity_96,4
user_108,activity_54,3
user_184,activity_68,5
user_129,activity_54,2
user_96,activity_86,5
user_153,activity_34,3
user_342,activity_33,1
user_168,activity_168,3
user_313,activity_31,2
user_42,activity_104,1
user_60,activity_269,4
user_223,activity_5,2
user_70,activity_89,2
user_157,activity_227,5
user_125,activity_208,1
user_73,activity_114,2
user_306,activity_203,1
user_31,activity_14,3
user_283,activity_208,3
user_497,activity_129,4
user_113,activity_198,5
user_270,activity_88,4
user_277,activity_202,2
user_24,activity_100,3
user_116,activity_165,1
user_428,activity_119,1
user_144,activity_215,5
user_312,activity_129,1
user_317,activity_136,4
user_336,activity_272,5
user_305,activity_93,2
user_202,activity_148,2
user_182,activity_151,2
user_364,activity_273,2
user_495,activity_211,5
user_44,activity_81,1
user_72,activity_13,1
user_156,activity_222,4
user_337,activity_46,3
user_107,activity_264,5
user_78,activity_154,4
user_484,activity_246,3
user_345,activity_25,1
user_153,activity_153,4
user_432,activity_180,3
user_449,activity_297,3
user_272,activity_75,1
user_183,activity_130,3
user_48,activity_54,2
user_354,activity_199,4
user_355,activity_117,4
user_399,activity_188,1
user_48,activity_24,2
user_117,activity_143,2
user_199,activity_156,4
user_133,activity_147,1
user_333,activity_298,2
user_89,activity_198,1
user_25,activity_120,5
user_211,activity_62,3
user_435,activity_67,5
user_409,activity_1,4
user_285,activity_48,4
user_217,activity_43,1
user_268,activity_77,2
user_235,activity_281,5
user_411,activity_65,2
user_456,activity_86,5
user_278,activity_253,4
user_129,activity_83,4
user_186,activity_45,3
user_182,activity_267,2
user_99,activity_77,3
user_161,activity_43,5
user_237,activity_133,5
user_191,activity_277,2
user_11,activity_179,3
user_245,activity_221,5
user_50,activity_70,3
user_261,activity_83,3
user_52,activity_106,5
user_303,activity_134,3
user_68,activity_10,3
user_377,activity_68,5
user_292,activity_8,3
user_92,activity_16,2
user_404,activity_148,1
user_266,activity_105,5
user_34,activity_118,2
user_139,activity_293,4
user_118,activity_237,2
user_168,activity_9,2
user_400,activity_144,3
user_445,activity_222,3
user_256,activity_267,4
user_425,activity_105,5
user_213,activity_120,4
user_337,activity_196,3
user_129,activity_11,1
user_329,activity_261,5
user_306,activity_266,1
user_382,activity_139,1
user_1,activity_7,2
user_138,activity_123,5
user_227,activity_9,5
user_211,activity_111,4
user_476,activity_252,2
user_468,activity_148,4
user_305,activity_166,4
user_215,activity_134,1
user_128,activity_293,5
user_43,activity_85,4
user_329,activity_144,3
user_241,activity_293,3
user_265,activity_119,5
user_247,activity_69,5
user_56,activity_38,1
user_442,activity_17,4
user_312,activity_243,4
user_303,activity_297,3
user_73,activity_109,1
user_179,activity_31,2
user_281,activity_24,3
user_278,activity_225,1
user_179,activity_231,5
user_286,activity_63,1
user_212,activity_257,2
user_174,activity_228,2
user_83,activity_290,3
user_369,activity_245,2
user_109,activity_253,5
user_29,activity_171,5
user_393,activity_176,3
user_193,activity_185,2
user_163,activity_160,5
user_295,activity_88,4
user_41,activity_209,5
user_349,activity_274,2
user_278,activity_250,1
user_139,activity_279,2
user_308,activity_17,1
user_111,activity_4,2
user_413,activity_181,5
user_338,activity_284,3
user_89,activity_103,3
user_185,activity_249,4
user_385,activity_107,4
user_81,activity_76,5
user_469,activity_257,5
user_390,activity_281,2
user_87,activity_203,4
user_328,activity_31,5
user_396,activity_4,3
user_329,activity_168,5
user_365,activity_177,2
user_247,activity_126,4
user_415,activity_254,4
user_340,activity_197,1
user_387,activity_10,4
user_25,activity_150,5
user_340,activity_236,5
user_496,activity_218,5
user_150,activity_122,5
user_254,activity_67,5
user_361,activity_299,4
user_89,activity_255,1
user_219,activity_8,4
user_324,activity_243,4
user_311,activity_98,5
user_481,activity_225,5
user_102,activity_105,5
user_367,activity_57,3
user_41,activity_180,1
user_70,activity_55,1
user_199,activity_100,3
user_73,activity_170,1
user_142,activity_165,5
user_220,activity_82,3
user_9,activity_3,2
user_335,activity_291,1
user_214,activity_97,4
user_100,activity_8,5
user_308,activity_145,3
user_418,activity_62,1
user_225,activity_104,4
user_348,activity_254,5
user_433,activity_206,4
user_169,activity_75,4
user_68,activity_233,1
user_166,activity_217,1
user_367,activity_250,3
user_343,activity_173,2
user_245,activity_89,1
user_445,activity_293,4
user_432,activity_58,1
user_323,activity_198,2
user_48,activity_231,3
user_298,activity_97,1
user_379,activity_79,1
user_366,activity_26,4
user_463,activity_194,1
user_341,activity_113,1
user_241,activity_123,1
user_75,activity_195,4
user_414,activity_185,5
user_83,activity_206,4
user_15,activity_164,5
user_462,activity_144,2
user_36,activity_44,2
user_205,activity_61,4
user_355,activity_18,5
user_299,activity_6,1
user_427,activity_116,4
user_33,activity_193,5
user_54,activity_265,2
user_296,activity_230,5
user_377,activity_9,3
user_443,activity_127,3
user_404,activity_192,4
user_368,activity_230,5
user_29,activity_212,1
user_264,activity_144,5
user_57,activity_184,4
user_444,activity_295,3
user_62,activity_146,4
user_305,activity_160,5
user_333,activity_96,5
user_42,activity_291,2
user_107,activity_265,1
user_384,activity_70,2
user_218,activity_20,4
user_126,activity_79,4
user_403,activity_181,1
user_155,activity_4,5
user_17,activity_197,1
user_92,activity_18,1
user_192,activity_236,3
user_425,activity_276,3
user_232,activity_39,3
user_152,activity_126,5
user_485,activity_54,4
user_435,activity_171,5
user_353,activity_183,3
user_372,activity_86,1
user_336,activity_274,3
user_390,activity_117,2
user_41,activity_275,1
user_16,activity_282,2
user_62,activity_61,4
user_18,activity_16,5
user_422,activity_245,3
user_454,activity_80,4
user_423,activity_196,4
user_195,activity_215,5
user_456,activity_195,3
user_151,activity_13,5
user_145,activity_56,3
user_267,activity_209,1
user_285,activity_202,3
user_278,activity_208,1
user_334,activity_287,4
user_264,activity_270,4
user_407,activity_187,5
user_418,activity_213,3
user_210,activity_75,4
user_320,activity_212,1
user_108,activity_128,2
user_46,activity_95,4
user_341,activity_145,3
user_219,activity_17,3
user_166,activity_81,4
user_71,activity_253,2
user_326,activity_37,3
user_392,activity_200,3
user_34,activity_81,5
user_397,activity_219,4
user_166,activity_203,2
user_234,activity_205,4
user_380,activity_165,4
user_462,activity_87,1
user_0,activity_134,1
user_350,activity_139,2
user_132,activity_107,2
user_297,activity_145,2
user_73,activity_107,2
user_16,activity_195,1
user_478,activity_251,3
user_486,activity_118,2
user_197,activity_44,2
user_178,activity_43,2
user_356,activity_2,2
user_50,activity_66,5
user_331,activity_92,1
user_6,activity_268,2
user_3,activity_137,1
user_51,activity_133,3
user_324,activity_218,5
user_210,activity_276,4
user_151,activity_258,4
user_356,activity_167,3
user_478,activity_55,4
user_472,activity_295,5
user_323,activity_140,3
user_261,activity_272,4
user_231,activity_240,3
user_336,activity_257,1
user_76,activity_179,2
user_307,activity_170,3
user_473,activity_21,3
user_438,activity_226,4
user_441,activity_215,5
user_83,activity_102,5
user_296,activity_180,5
user_267,activity_12,2
user_352,activity_56,5
user_34,activity_258,5
user_217,activity_10,5
user_183,activity_115,2
user_66,activity_199,3
user_236,activity_65,1
user_446,activity_19,1
user_225,activity_198,1
user_44,activity_90,2
user_213,activity_88,4
user_368,activity_71,5
user_48,activity_51,1
user_277,activity_113,5
user_486,activity_273,5
user_292,activity_242,2
user_78,activity_169,3
user_175,activity_299,2
user_86,activity_224,3
user_97,activity_155,2
user_349,activity_168,3
user_324,activity_91,5
user_230,activity_147,5
user_346,activity_127,2
user_46,activity_52,3
user_37,activity_225,5
user_398,activity_223,2
user_47,activity_146,1
user_63,activity_181,5
user_178,activity_38,4
user_381,activity_2,5
user_371,activity_10,1
user_357,activity_202,3
user_480,activity_20,2
user_90,activity_163,3
user_110,activity_122,1
user_446,activity_98,3
user_158,activity_102,1
user_280,activity_42,4
user_450,activity_190,3
user_385,activity_209,4
user_447,activity_68,1
user_257,activity_187,5
user_414,activity_9,2
user_75,activity_163,5
user_48,activity_176,3
user_457,activity_217,5
user_468,activity_229,4
user_25,activity_71,5
user_253,activity_270,3
user_143,activity_256,5
user_258,activity_46,5
user_375,activity_207,3
user_148,activity_154,2
user_185,activity_173,1
user_394,activity_263,1
user_116,activity_198,5
user_199,activity_247,4
user_263,activity_57,2
user_248,activity_92,1
user_270,activity_93,2
user_393,activity_284,4
user_83,activity_36,1
user_231,activity_92,4
user_431,activity_165,5
user_224,activity_72,1
user_90,activity_215,5
user_89,activity_28,3
user_304,activity_219,5
user_388,activity_41,2
user_163,activity_282,2
user_301,activity_24,1
user_372,activity_128,2
user_425,activity_152,5
user_66,activity_5,5
user_313,activity_52,2
user_313,activity_81,2
user_203,activity_149,5
user_403,activity_102,4
user_64,activity_208,3
user_384,activity_116,4
user_236,activity_104,3
user_45,activity_215,4
user_300,activity_23,2
user_34,activity_23,4
user_483,activity_15,3
user_464,activity_242,1
user_481,activity_266,1
user_334,activity_217,3
user_67,activity_298,5
user_482,activity_74,2
user_481,activity_102,1
user_489,activity_177,3
user_38,activity_258,4
user_6,activity_48,2
user_160,activity_175,2
user_488,activity_131,4
user_497,activity_116,4
user_287,activity_27,5
user_0,activity_187,3
user_111,activity_285,4
user_438,activity_216,2
user_82,activity_64,5
user_127,activity_21,3
user_108,activity_180,4
user_163,activity_67,4
user_179,activity_180,2
user_433,activity_168,2
user_21,activity_65,5
user_99,activity_299,5
user_309,activity_89,5
user_272,activity_187,3
user_72,activity_48,5
user_1,activity_243,3
user_352,activity_98,2
user_358,activity_1,3
user_296,activity_210,3
user_228,activity_81,4
user_139,activity_28,4
user_354,activity_105,2
user_170,activity_68,5
user_361,activity_136,1
user_416,activity_99,2
user_8,activity_61,1
user_28,activity_113,1
user_142,activity_119,2
user_156,activity_259,2
user_241,activity_171,3
user_269,activity_113,2
user_319,activity_101,5
user_361,activity_209,2
user_254,activity_19,2
user_111,activity_195,1
user_91,activity_51,5
user_7,activity_299,2
user_235,activity_68,5
user_136,activity_233,1
user_125,activity_66,2
user_203,activity_28,3
user_473,activity_184,5
user_285,activity_61,3
user_429,activity_67,1
user_178,activity_140,4
user_162,activity_129,5
user_245,activity_296,4
user_63,activity_30,4
user_46,activity_129,2
user_332,activity_109,5
user_57,activity_105,4
user_329,activity_255,3
user_382,activity_161,5
user_285,activity_70,3
user_396,activity_2,2
user_312,activity_125,5
user_197,activity_298,4
user_185,activity_297,4
user_496,activity_10,2
user_473,activity_145,5
user_99,activity_103,4
user_45,activity_43,5
user_186,activity_113,3
user_254,activity_29,2
user_312,activity_114,4
user_487,activity_280,3
user_260,activity_206,3
user_214,activity_39,2
user_26,activity_189,3
user_383,activity_169,5
user_166,activity_187,1
user_288,activity_228,3
user_96,activity_15,2
user_351,activity_11,5
user_105,activity_219,5
user_452,activity_176,2
user_132,activity_21,5
user_411,activity_160,3
user_278,activity_234,2
user_241,activity_116,2
user_143,activity_204,1
user_153,activity_175,1
user_240,activity_133,2
user_165,activity_105,2
user_410,activity_71,4
user_329,activity_272,5
user_185,activity_69,2
user_422,activity_139,3
user_397,activity_277,3
user_150,activity_103,2
user_88,activity_140,5
user_232,activity_182,3
user_8,activity_78,4
user_385,activity_268,2
user_50,activity_185,2
user_290,activity_229,3
user_489,activity_119,3
user_325,activity_246,1
user_402,activity_209,1
user_371,activity_132,3
user_138,activity_120,4
user_452,activity_128,3
user_91,activity_62,5
user_209,activity_11,5
user_296,activity_129,5
user_172,activity_207,3
user_405,activity_138,2
user_173,activity_28,3
user_495,activity_142,4
user_350,activity_41,1
user_298,activity_207,2
user_432,activity_191,3
user_257,activity_151,2
user_165,activity_30,3
user_231,activity_281,5
user_194,activity_255,1
user_303,activity_293,5
user_248,activity_282,2
user_378,activity_197,4
user_355,activity_27,5
user_16,activity_126,3
user_167,activity_243,3
user_75,activity_230,4
user_449,activity_247,5
user_392,activity_84,3
user_68,activity_98,3
user_496,activity_215,1
user_422,activity_93,5
user_114,activity_219,4
user_30,activity_10,1
user_129,activity_104,3
user_226,activity_1,5
user_20,activity_57,5
user_179,activity_19,5
user_37,activity_147,2
user_24,activity_120,2
user_453,activity_168,1
user_322,activity_224,1
user_306,activity_260,5
user_402,activity_47,1
user_312,activity_290,4
user_93,activity_260,2
user_277,activity_204,1
user_174,activity_68,1
user_199,activity_215,2
user_211,activity_15,2
user_371,activity_204,5
user_489,activity_38,1
user_429,activity_255,4
user_136,activity_177,5
user_187,activity_14,4
user_496,activity_213,1
user_329,activity_279,2
user_304,activity_145,4
user_89,activity_59,3
user_473,activity_28,5
user_269,activity_78,1
user_288,activity_152,5
user_400,activity_278,1
user_490,activity_185,5
user_275,activity_157,3
user_180,activity_76,2
user_150,activity_237,1
user_230,activity_17,1
user_416,activity_188,1
user_18,activity_218,3
user_119,activity_100,2
user_83,activity_195,2
user_201,activity_10,3
user_399,activity_217,5
user_252,activity_221,1
user_79,activity_6,3
user_15,activity_11,3
user_240,activity_20,2
user_426,activity_227,1
user_287,activity_296,3
user_403,activity_152,2
user_136,activity_91,5
user_316,activity_258,4
user_453,activity_102,1
user_54,activity_256,5
user_197,activity_225,5
user_25,activity_120,2
user_181,activity_198,2
user_30,activity_284,2
user_223,activity_272,4
user_255,activity_23,5
user_190,activity_24,3
user_287,activity_115,2
user_365,activity_36,2
user_136,activity_226,4
user_181,activity_85,3
user_413,activity_52,4
user_354,activity_234,3
user_286,activity_99,3
user_395,activity_14,3
user_100,activity_164,5
user_113,activity_106,2
user_363,activity_129,4
user_270,activity_243,4
user_213,activity_165,3
user_89,activity_193,3
user_135,activity_138,5
user_273,activity_49,2
user_482,activity_190,4
user_459,activity_180,4
user_74,activity_294,1
user_20,activity_170,3
user_47,activity_85,5
user_187,activity_150,5
user_68,activity_259,4
user_333,activity_8,1
user_370,activity_100,5
user_441,activity_145,1
user_455,activity_242,1
user_336,activity_42,2
user_5,activity_213,3
user_395,activity_99,4
user_236,activity_257,5
user_336,activity_134,4
user_141,activity_157,1
user_415,activity_261,3
user_337,activity_228,2
user_167,activity_46,3
user_213,activity_245,1
user_273,activity_43,4
user_312,activity_155,4
user_198,activity_161,3
user_469,activity_233,3
user_115,activity_92,2
user_283,activity_209,2
user_219,activity_279,2
user_117,activity_236,5
user_455,activity_99,5
user_480,activity_285,2
user_440,activity_292,2
user_6,activity_126,4
user_422,activity_189,4
user_461,activity_52,2
user_485,activity_131,2
user_465,activity_111,1
user_6,activity_229,4
user_196,activity_222,2
user_249,activity_82,4
user_394,activity_262,5
user_454,activity_289,2
user_402,activity_57,1
user_303,activity_114,2
user_40,activity_172,2
user_280,activity_77,4
user_280,activity_38,3
user_103,activity_73,4
user_498,activity_146,4
user_212,activity_122,1
user_239,activity_285,3
user_356,activity_104,2
user_458,activity_257,4
user_309,activity_261,3
user_250,activity_220,3
user_221,activity_257,1
user_366,activity_257,5
user_224,activity_201,2
user_235,activity_182,5
user_245,activity_110,4
user_126,activity_103,5
user_402,activity_154,1
user_234,activity_288,5
user_272,activity_263,1
user_297,activity_97,1
user_375,activity_86,3
user_241,activity_198,5
user_309,activity_83,2
user_280,activity_251,2
user_301,activity_277,3
user_175,activity_7,3
user_162,activity_48,5
user_218,activity_295,2
user_351,activity_78,4
user_382,activity_272,1
user_174,activity_220,1
user_288,activity_112,5
user_204,activity_185,5
user_196,activity_265,3
user_120,activity_140,1
user_275,activity_238,2
user_456,activity_232,3
user_394,activity_11,2
user_408,activity_176,1
user_216,activity_10,4
user_38,activity_52,2
user_205,activity_55,4
user_252,activity_285,4
user_290,activity_179,3
user_342,activity_195,4
user_79,activity_134,5
user_330,activity_224,2
user_92,activity_191,3
user_102,activity_6,3
user_54,activity_230,2
user_61,activity_239,2
user_231,activity_232,2
user_492,activity_291,1
user_151,activity_144,2
user_140,activity_92,2
user_283,activity_142,1
user_275,activity_169,4
user_356,activity_200,3
user_152,activity_84,5
user_30,activity_228,2
user_362,activity_140,4
user_298,activity_98,3
user_61,activity_108,5
user_118,activity_85,1
user_51,activity_90,1
user_493,activity_297,4
user_367,activity_237,3
user_239,activity_135,4
user_361,activity_63,3
user_253,activity_113,4
user_15,activity_144,3
user_375,activity_165,5
user_348,activity_104,4
user_89,activity_299,4
user_331,activity_78,1
user_422,activity_175,4
user_95,activity_102,2
user_462,activity_223,2
user_235,activity_115,3
user_225,activity_229,1
user_317,activity_209,1
user_95,activity_243,3
user_393,activity_183,1
user_331,activity_91,3
user_403,activity_132,1
user_313,activity_186,5
user_463,activity_45,3
user_275,activity_178,5
user_177,activity_161,3
user_373,activity_103,1
user_286,activity_122,4
user_33,activity_241,2
user_112,activity_22,1
user_188,activity_130,3
user_421,activity_211,2
user_112,activity_43,4
user_157,activity_272,3
user_393,activity_44,4
user_218,activity_176,4
user_190,activity_159,2
user_266,activity_189,2
user_483,activity_144,4
user_212,activity_39,3
user_322,activity_81,5
user_498,activity_82,2
user_179,activity_170,1
user_368,activity_236,2
user_326,activity_128,1
user_163,activity_276,5
user_115,activity_23,1
user_390,activity_126,2
user_208,activity_92,1
user_454,activity_279,3
user_328,activity_11,3
user_446,activity_227,4
user_440,activity_140,3
user_489,activity_228,1
user_395,activity_289,3
user_158,activity_127,5
user_30,activity_14,1
user_74,activity_33,4
user_330,activity_28,2
user_15,activity_76,5
user_80,activity_123,3
user_454,activity_101,5
user_228,activity_296,3
user_471,activity_60,2
user_70,activity_102,3
user_325,activity_156,3
user_358,activity_193,3
user_323,activity_185,1
user_312,activity_164,5
user_91,activity_285,1
user_152,activity_224,1
user_114,activity_261,2
user_9,activity_91,3
user_480,activity_51,3
user_465,activity_205,3
user_400,activity_92,4
user_484,activity_144,5
user_152,activity_1,5
user_259,activity_163,4
user_148,activity_204,5
user_88,activity_153,4
user_160,activity_269,4
user_336,activity_148,4
user_412,activity_219,3
user_472,activity_274,1
user_65,activity_78,4
user_201,activity_149,1
user_90,activity_140,1
user_388,activity_217,5
user_410,activity_151,3
user_238,activity_114,1
user_93,activity_47,4
user_155,activity_171,5
user_426,activity_295,1
user_340,activity_56,4
user_447,activity_202,1
user_120,activity_225,2
user_329,activity_215,4
user_42,activity_22,3
user_185,activity_248,5
user_292,activity_133,1
user_389,activity_21,1
user_87,activity_152,5
user_78,activity_50,5
user_453,activity_245,3
user_105,activity_192,4
user_301,activity_35,2
user_203,activity_266,4
user_169,activity_38,3
user_291,activity_51,1
user_140,activity_145,1
user_313,activity_183,1
user_127,activity_286,5
user_488,activity_265,4
user_385,activity_229,3
user_298,activity_197,3
user_55,activity_202,5
user_115,activity_91,2
user_421,activity_56,2
user_497,activity_70,2
user_81,activity_104,2
user_359,activity_83,2
user_42,activity_153,2
user_132,activity_64,2
user_375,activity_256,3
user_385,activity_212,4
user_60,activity_148,4
user_382,activity_277,4
user_81,activity_128,1
user_279,activity_269,4
user_452,activity_202,4
user_350,activity_207,5
user_151,activity_25,2
user_335,activity_237,1
user_496,activity_74,3
user_162,activity_298,5
user_164,activity_185,2
user_411,activity_284,3
user_386,activity_137,3
user_489,activity_203,2
user_349,activity_287,2
user_415,activity_25,3
user_384,activity_55,5
user_121,activity_105,2
user_336,activity_157,4
user_90,activity_21,2
user_109,activity_48,1
user_72,activity_52,3
user_355,activity_167,5
user_451,activity_104,2
user_203,activity_298,1
user_133,activity_210,5
user_271,activity_36,3
user_164,activity_124,1
user_191,activity_217,5
user_380,activity_160,2
user_285,activity_238,4
user_187,activity_81,3
user_201,activity_131,5
user_131,activity_76,1
user_460,activity_252,3
user_343,activity_193,1
user_57,activity_200,4
user_34,activity_124,2
user_320,activity_41,5
user_392,activity_187,3
user_440,activity_104,2
user_405,activity_40,4
user_280,activity_104,2
user_190,activity_8,4
user_380,activity_224,3
user_187,activity_69,5
user_286,activity_168,5
user_441,activity_13,4
user_419,activity_244,2
user_35,activity_47,5
user_27,activity_195,4
user_463,activity_103,2
user_100,activity_28,2
user_9,activity_105,2
user_256,activity_294,5
user_64,activity_270,4
user_187,activity_137,1
user_33,activity_109,1
user_353,activity_230,5
user_265,activity_181,4
user_64,activity_0,5
user_79,activity_270,1
user_27,activity_222,5
user_106,activity_144,1
user_353,activity_138,4
user_297,activity_98,5
user_122,activity_286,1
user_494,activity_9,5
user_204,activity_196,1
user_458,activity_19,1
user_129,activity_292,1
user_131,activity_53,2
user_280,activity_264,4
user_457,activity_289,3
user_73,activity_277,2
user_129,activity_193,2
user_399,activity_203,1
user_244,activity_71,2
user_396,activity_14,5
user_427,activity_7,2
user_45,activity_113,3
user_494,activity_165,3
user_138,activity_116,3
user_275,activity_276,2
user_312,activity_177,2
user_353,activity_153,1
user_365,activity_114,2
user_246,activity_67,5
user_444,activity_195,2
user_110,activity_144,3
user_178,activity_240,5
user_330,activity_152,3
user_127,activity_198,2
user_55,activity_277,1
user_18,activity_158,2
user_425,activity_168,4
user_22,activity_46,5
user_216,activity_193,1
user_155,activity_76,3
user_168,activity_286,5
user_415,activity_181,2
user_455,activity_296,2
user_229,activity_95,2
user_155,activity_104,1
user_488,activity_131,3
user_381,activity_137,3
user_269,activity_37,4
user_44,activity_162,2
user_330,activity_252,1
user_450,activity_284,2
user_19,activity_238,2
user_432,activity_30,2
user_103,activity_169,2
user_127,activity_209,1
user_446,activity_252,3
user_199,activity_219,3
user_450,activity_235,1
user_227,activity_141,3
user_8,activity_189,5
user_459,activity_164,3
user_275,activity_290,5
user_174,activity_109,3
user_435,activity_135,4
user_154,activity_171,4
user_47,activity_239,3
user_212,activity_138,5
user_380,activity_72,4
user_75,activity_76,2
user_101,activity_105,5
user_38,activity_274,3
user_368,activity_76,5
user_441,activity_27,5
user_65,activity_265,5
user_57,activity_200,1
user_141,activity_83,1
user_400,activity_151,5
user_445,activity_250,2
user_208,activity_223,3
user_263,activity_243,3
user_124,activity_267,4
user_15,activity_58,5
user_176,activity_62,3
user_48,activity_245,1
user_285,activity_14,2
user_254,activity_91,1
user_300,activity_198,4
user_233,activity_45,1
user_245,activity_74,5
user_222,activity_189,1
user_51,activity_87,1
user_338,activity_65,4
user_32,activity_280,1
user_353,activity_132,5
user_344,activity_7,5
user_115,activity_270,1
user_149,activity_130,4
user_209,activity_66,2
user_48,activity_110,1
user_218,activity_56,3
user_458,activity_112,5
user_70,activity_82,1
user_375,activity_270,3
user_110,activity_75,4
user_420,activity_130,1
user_121,activity_40,2
user_129,activity_22,3
user_468,activity_8,5
user_411,activity_51,1
user_37,activity_99,1
user_401,activity_190,3
user_392,activity_140,5
user_206,activity_299,4
user_416,activity_151,4
user_242,activity_127,1
user_9,activity_147,1
user_364,activity_139,2
user_93,activity_228,4
user_24,activity_267,5
user_280,activity_10,1
user_125,activity_189,1
user_354,activity_115,1
user_13,activity_256,1
user_280,activity_104,3
user_146,activity_278,1
user_117,activity_93,2
user_143,activity_288,2
user_13,activity_256,2
user_185,activity_206,2
user_430,activity_171,5
user_151,activity_110,3
user_71,activity_282,2
user_354,activity_214,1
user_327,activity_22,4
user_397,activity_92,1
user_323,activity_62,1
user_368,activity_102,4
user_206,activity_268,4
user_193,activity_151,5
user_87,activity_10,3
user_213,activity_14,2
user_296,activity_72,4
user_127,activity_27,1
user_16,activity_137,5
user_253,activity_209,1
user_69,activity_103,4
user_52,activity_53,4
user_334,activity_30,2
user_104,activity_265,2
user_495,activity_252,4
user_157,activity_36,3
user_241,activity_298,5
user_307,activity_100,4
user_323,activity_238,1
user_230,activity_91,5
user_316,activity_167,4
user_469,activity_217,1
user_15,activity_277,1
user_56,activity_61,2
user_362,activity_241,2
user_71,activity_29,2
user_234,activity_264,1
user_268,activity_185,3
user_290,activity_276,4
user_289,activity_162,5
user_468,activity_287,4
user_82,activity_224,4
user_222,activity_117,2
user_191,activity_78,3
user_106,activity_270,4
user_72,activity_25,2
user_91,activity_124,3
user_72,activity_122,5
user_183,activity_186,4
user_185,activity_252,5
user_298,activity_75,3
user_274,activity_148,3
user_121,activity_210,2
user_172,activity_155,2
user_491,activity_272,4
user_43,activity_60,3
user_348,activity_195,2
user_408,activity_110,2
user_88,activity_197,2
user_199,activity_98,3
user_88,activity_145,1
user_188,activity_239,3
user_195,activity_296,5
user_306,activity_270,2
user_338,activity_55,2
user_358,activity_137,1
user_168,activity_285,5
user_374,activity_222,3
user_286,activity_179,2
user_230,activity_22,5
user_295,activity_5,1
user_355,activity_282,3
user_324,activity_272,4
user_326,activity_46,1
user_78,activity_109,5
user_394,activity_89,4
user_279,activity_220,1
user_233,activity_259,1
user_45,activity_273,3
user_207,activity_102,4
user_9,activity_186,4
user_59,activity_248,3
user_373,activity_269,2
user_216,activity_1,4
user_113,activity_279,3
user_164,activity_221,3
user_166,activity_206,2
user_64,activity_3,5
user_248,activity_256,3
user_305,activity_73,3
user_61,activity_163,2
user_239,activity_20,5
user_264,activity_138,3
user_69,activity_117,5
user_213,activity_55,5
user_174,activity_127,2
user_324,activity_291,2
user_63,activity_47,2
user_497,activity_59,5
user_256,activity_64,1
user_37,activity_24,2
user_460,activity_58,4
user_416,activity_296,1
user_432,activity_47,1
user_430,activity_55,1
user_267,activity_68,1
user_448,activity_280,1
user_159,activity_233,3
user_48,activity_146,4
user_490,activity_1,1
user_439,activity_144,4
user_365,activity_60,1
user_48,activity_130,3
user_56,activity_49,4
user_464,activity_177,5
user_45,activity_169,1
user_335,activity_138,4
user_229,activity_279,5
user_191,activity_79,2
user_64,activity_87,1
user_213,activity_203,1
user_381,activity_88,4
user_60,activity_270,3
user_26,activity_213,2
user_60,activity_185,3
user_11,activity_31,1
user_236,activity_226,5
user_316,activity_45,5
user_457,activity_79,4
user_474,activity_246,1
user_158,activity_202,4
user_291,activity_118,1
user_492,activity_226,1
user_485,activity_116,3
user_367,activity_114,3
user_36,activity_112,3
user_131,activity_227,3
user_121,activity_80,5
user_153,activity_149,2
user_62,activity_155,1
user_427,activity_167,5
user_444,activity_136,5
user_458,activity_188,3
user_1,activity_105,4
user_71,activity_125,2
user_204,activity_194,4
user_140,activity_274,1
user_466,activity_53,2
user_60,activity_86,2
user_177,activity_241,3
user_30,activity_288,3
user_416,activity_253,5
user_175,activity_125,4
user_436,activity_106,3
user_336,activity_122,2
user_133,activity_106,1
user_328,activity_49,1
user_94,activity_267,5
user_234,activity_58,4
user_258,activity_215,1
user_144,activity_89,4
user_310,activity_44,4
user_256,activity_20,3
user_20,activity_51,2
user_170,activity_66,5
user_112,activity_299,2
user_319,activity_231,5
user_67,activity_27,5
user_115,activity_50,5
user_259,activity_78,1
user_107,activity_73,2
user_183,activity_22,2
user_128,activity_290,5
user_185,activity_58,4
user_0,activity_130,3
user_292,activity_284,1
user_416,activity_99,5
user_476,activity_240,2
user_218,activity_175,3
user_470,activity_232,4
user_276,activity_228,3
user_222,activity_212,2
user_40,activity_121,3
user_293,activity_87,3
user_488,activity_28,4
user_450,activity_243,5
user_146,activity_173,1
user_277,activity_141,4
user_143,activity_54,3
user_357,activity_160,5
user_324,activity_197,1
user_111,activity_45,1
user_204,activity_51,2
user_471,activity_73,1
user_478,activity_76,3
user_186,activity_51,2
user_432,activity_86,5
user_479,activity_224,2
user_480,activity_247,5
user_119,activity_66,5
user_443,activity_190,5
user_188,activity_150,4
user_401,activity_95,5
user_262,activity_96,5
user_112,activity_124,4
user_131,activity_120,5
user_293,activity_121,2
user_384,activity_259,2
user_160,activity_288,4
user_15,activity_172,2
user_86,activity_81,4
user_41,activity_11,1
user_233,activity_130,4
user_114,activity_217,1
user_105,activity_178,2
user_333,activity_225,1
user_241,activity_140,2
user_198,activity_111,5
user_146,activity_88,3
user_416,activity_84,4
user_71,activity_297,5
user_8,activity_280,1
user_480,activity_257,3
user_237,activity_19,2
user_232,activity_220,1
user_379,activity_88,4
user_349,activity_83,3
user_86,activity_153,4
user_447,activity_263,1
user_222,activity_120,1
user_410,activity_172,4
user_341,activity_127,2
user_479,activity_109,3
user_36,activity_70,1
user_30,activity_267,3
user_343,activity_31,1
user_165,activity_187,2
user_18,activity_115,4
user_183,activity_269,1
user_9,activity_79,4
user_474,activity_124,3
user_335,activity_58,4
user_96,activity_274,5
user_277,activity_264,1
user_456,activity_282,1
user_427,activity_7,2
user_124,activity_122,1
user_0,activity_203,1
user_438,activity_4,3
user_79,activity_273,1
user_337,activity_135,3
user_24,activity_182,3
user_337,activity_177,5
user_94,activity_32,2
user_380,activity_230,1
user_134,activity_234,5
user_318,activity_159,3
user_399,activity_28,4
user_144,activity_228,3
user_344,activity_268,5
user_267,activity_168,3
user_226,activity_32,1
user_213,activity_49,4
user_392,activity_209,2
user_28,activity_38,3
user_99,activity_172,1
user_55,activity_225,3
user_196,activity_141,3
user_22,activity_93,2
user_236,activity_53,2
user_472,activity_271,1
user_97,activity_182,5
user_316,activity_85,1
user_214,activity_99,1
user_200,activity_257,2
user_244,activity_122,3
user_332,activity_135,3
user_192,activity_267,4
user_372,activity_94,5
user_40,activity_253,5
user_68,activity_80,1
user_261,activity_88,3
user_207,activity_212,2
user_265,activity_292,5
user_76,activity_287,5
user_46,activity_109,3
user_209,activity_153,2
user_414,activity_156,5
user_76,activity_256,3
user_66,activity_227,3
user_14,activity_231,3
user_348,activity_29,2
user_330,activity_295,1
user_412,activity_219,1
user_478,activity_146,3
user_291,activity_298,1
user_424,activity_234,3
user_364,activity_89,4
user_480,activity_83,5
user_160,activity_4,5
user_77,activity_90,4
user_486,activity_174,4
user_477,activity_210,1
user_52,activity_76,4
user_301,activity_111,5
user_278,activity_26,2
user_449,activity_188,5
user_434,activity_123,3
user_256,activity_295,5
user_449,activity_39,3
user_208,activity_182,3
user_106,activity_187,4
user_330,activity_136,2
user_385,activity_94,5
user_468,activity_89,3
user_402,activity_27,4
user_484,activity_55,2
user_222,activity_119,3
user_287,activity_280,4
user_491,activity_188,2
user_297,activity_248,4
user_136,activity_163,1
user_254,activity_293,1
user_169,activity_173,1
user_444,activity_17,2
user_115,activity_79,5
user_118,activity_298,4
user_56,activity_198,1
user_433,activity_287,3
user_440,activity_268,5
user_21,activity_284,5
user_249,activity_162,2
user_466,activity_100,3
user_172,activity_140,2
user_65,activity_197,4
user_280,activity_171,4
user_430,activity_39,3
user_301,activity_85,5
user_252,activity_20,1
user_378,activity_32,4
user_233,activity_2,3
user_307,activity_226,4
user_69,activity_253,1
user_143,activity_23,5
user_424,activity_233,5
user_174,activity_158,4
user_347,activity_285,2
user_43,activity_154,3
user_409,activity_230,1
user_370,activity_224,1
user_55,activity_30,5
user_58,activity_234,3
user_190,activity_17,1
user_225,activity_166,2
user_53,activity_244,3
user_349,activity_75,3
user_266,activity_299,1
user_323,activity_24,4
user_113,activity_222,4
user_165,activity_190,1
user_386,activity_228,1
user_381,activity_205,1
user_317,activity_290,2
user_12,activity_162,3
user_385,activity_110,5
user_383,activity_255,3
user_437,activity_143,2
user_390,activity_163,1
user_477,activity_297,1
user_390,activity_270,4
user_295,activity_234,5
user_193,activity_233,5
user_231,activity_106,2
user_222,activity_79,2
user_380,activity_183,4
user_184,activity_133,4
user_287,activity_201,2
user_145,activity_126,1
user_134,activity_113,3
user_134,activity_40,3
user_400,activity_193,5
user_369,activity_3,1
user_243,activity_165,2
user_394,activity_16,4
user_482,activity_30,5
user_418,activity_206,3
user_145,activity_100,1
user_488,activity_246,3
user_371,activity_172,3
user_283,activity_20,4
user_162,activity_96,3
user_338,activity_54,5
user_126,activity_192,3
user_348,activity_87,1
user_214,activity_91,3
user_183,activity_37,3
user_194,activity_14,1
user_134,activity_0,1
user_95,activity_200,5
user_25,activity_234,5
user_243,activity_50,1
user_35,activity_66,1
user_369,activity_154,5
user_110,activity_167,1
user_467,activity_141,4
user_196,activity_108,4
user_375,activity_78,1
user_438,activity_18,5
user_28,activity_206,2
user_181,activity_104,1
user_432,activity_235,5
user_157,activity_171,2
user_310,activity_156,2
user_163,activity_146,2
user_462,activity_37,3
user_357,activity_254,2
user_94,activity_170,2
user_189,activity_198,4
user_220,activity_23,4
user_422,activity_127,5
user_299,activity_132,5
user_157,activity_28,2
user_210,activity_153,5
user_474,activity_221,3
user_436,activity_157,3
user_250,activity_121,3
user_262,activity_48,1
user_328,activity_296,2
user_76,activity_126,5
user_220,activity_90,3
user_7,activity_31,4
user_319,activity_268,5
user_162,activity_60,5
user_94,activity_40,5
user_203,activity_266,2
user_177,activity_193,2
user_386,activity_195,1
user_497,activity_211,1
user_157,activity_138,5
user_272,activity_153,1
user_278,activity_275,5
user_1,activity_87,3
user_129,activity_77,4
user_240,activity_140,4
user_162,activity_235,2
user_389,activity_30,2
user_491,activity_20,2
user_201,activity_278,3
user_415,activity_147,2
user_28,activity_161,5
user_339,activity_60,5
user_455,activity_70,3
user_363,activity_242,2
user_248,activity_220,1
user_446,activity_20,3
user_81,activity_9,3
user_11,activity_262,1
user_448,activity_191,2
user_113,activity_25,3
user_32,activity_61,5
user_302,activity_94,3
user_192,activity_75,3
user_248,activity_82,1
user_56,activity_31,4
user_318,activity_91,1
user_434,activity_135,4
user_132,activity_85,4
user_294,activity_278,4
user_179,activity_3,3
user_20,activity_104,2
user_442,activity_262,1
user_15,activity_144,4
user_249,activity_74,2
user_416,activity_281,2
user_124,activity_86,1
user_469,activity_185,2
user_379,activity_265,2
user_92,activity_184,3
user_16,activity_264,2
user_291,activity_291,3
user_96,activity_94,2
user_335,activity_67,5
user_207,activity_253,5
user_261,activity_258,4
user_73,activity_124,4
user_253,activity_234,2
user_249,activity_71,3
user_323,activity_155,2
user_114,activity_227,2
user_345,activity_244,2
user_13,activity_15,3
user_41,activity_109,4
user_18,activity_65,1
user_402,activity_111,2
user_406,activity_84,3
user_38,activity_104,4
user_280,activity_122,2
user_376,activity_60,4
user_306,activity_203,2
user_485,activity_4,5
user_179,activity_132,3
user_323,activity_252,1
user_92,activity_149,3
user_137,activity_207,2
user_124,activity_233,5
user_306,activity_265,1
user_388,activity_190,3
user_439,activity_186,1
user_186,activity_131,3
user_47,activity_287,3
user_179,activity_98,2
user_33,activity_69,3
user_365,activity_271,3
user_180,activity_18,2
user_472,activity_94,1
user_296,activity_80,3
user_317,activity_67,4
user_273,activity_281,3
user_310,activity_118,4
user_440,activity_133,1
user_7,activity_50,3
user_340,activity_280,1
user_234,activity_82,5
user_372,activity_267,1
user_119,activity_70,1
user_252,activity_121,4
user_9,activity_286,4
user_325,activity_272,2
user_292,activity_209,2
user_240,activity_199,5
user_412,activity_215,3
user_479,activity_34,1
user_17,activity_164,5
user_201,activity_228,2
user_365,activity_0,1
user_33,activity_265,4
user_262,activity_79,5
user_412,activity_251,4
user_400,activity_211,2
user_111,activity_210,2
user_238,activity_267,5
user_297,activity_57,5
user_437,activity_33,5
user_34,activity_270,1
user_473,activity_226,1
user_233,activity_58,3
user_334,activity_85,3
user_389,activity_179,5
user_70,activity_120,5
user_92,activity_255,5
user_58,activity_68,4
user_85,activity_273,3
user_80,activity_113,2
user_396,activity_53,5
user_386,activity_292,5
user_484,activity_290,4
user_470,activity_221,2
user_377,activity_243,4
user_416,activity_153,1
user_423,activity_134,1
user_7,activity_127,5
user_55,activity_125,3
user_57,activity_139,4
user_210,activity_73,4
user_403,activity_232,4
user_181,activity_121,3
user_454,activity_28,2
user_92,activity_175,2
user_210,activity_183,1
user_136,activity_236,1
user_417,activity_264,3
user_230,activity_133,2
user_498,activity_138,5
user_203,activity_60,2
user_297,activity_12,4
user_254,activity_84,2
user_19,activity_49,4
user_91,activity_87,5
user_36,activity_252,4
user_139,activity_167,2
user_177,activity_296,5
user_358,activity_105,1
user_189,activity_127,5
user_459,activity_256,4
user_149,activity_293,3
user_274,activity_207,3
user_194,activity_169,3
user_81,activity_153,5
user_313,activity_145,3
user_121,activity_251,3
user_310,activity_88,3
user_57,activity_62,3
user_307,activity_279,1
user_365,activity_93,5
user_338,activity_151,4
user_404,activity_39,5
user_397,activity_244,5
user_169,activity_177,5
user_259,activity_71,3
user_16,activity_56,2
user_106,activity_172,3
user_463,activity_246,2
user_372,activity_30,4
user_71,activity_107,5
user_397,activity_271,3
user_115,activity_73,1
user_267,activity_127,3
user_234,activity_40,5
user_156,activity_58,1
user_248,activity_191,1
user_399,activity_79,5
user_212,activity_165,1
user_347,activity_70,3
user_64,activity_220,4
user_478,activity_285,1
user_206,activity_98,2
user_157,activity_97,2
user_138,activity_282,3
user_422,activity_71,3
user_17,activity_76,5
user_471,activity_139,1
user_221,activity_91,4
user_91,activity_191,5
user_280,activity_178,5
user_389,activity_279,3
user_82,activity_227,3
user_264,activity_111,3
user_163,activity_167,3
user_220,activity_190,5
user_436,activity_169,5
user_380,activity_13,5
user_499,activity_133,5
user_52,activity_17,4
user_37,activity_186,1
user_195,activity_242,4
user_302,activity_34,3
user_315,activity_89,4
user_251,activity_7,3
user_207,activity_130,5
user_467,activity_141,4
user_95,activity_25,3
user_185,activity_167,3
user_378,activity_4,5
user_159,activity_207,1
user_204,activity_254,3
user_436,activity_7,1
user_423,activity_31,4
user_205,activity_227,3
user_211,activity_238,3
user_244,activity_44,1
user_347,activity_280,2
user_188,activity_43,1
user_429,activity_141,1
user_79,activity_81,1
user_382,activity_242,5
user_456,activity_55,1
user_313,activity_87,1
user_143,activity_7,5
user_214,activity_172,1
user_181,activity_269,3
user_244,activity_230,3
user_174,activity_114,1
user_299,activity_17,4
user_403,activity_191,3
user_92,activity_217,1
user_486,activity_28,5
user_76,activity_8,4
user_12,activity_171,5
user_326,activity_199,5
user_488,activity_75,4
user_371,activity_60,1
user_423,activity_244,5
user_381,activity_154,1
user_243,activity_161,4
user_343,activity_276,1
user_390,activity_258,4
user_306,activity_94,2
user_245,activity_220,3
user_186,activity_261,5
user_272,activity_59,5
user_336,activity_50,2
user_138,activity_169,5
user_235,activity_47,5
user_56,activity_276,2
user_98,activity_14,5
user_460,activity_178,4
user_61,activity_118,5
user_36,activity_133,2
user_489,activity_7,1
user_474,activity_3,5
user_414,activity_148,1
user_486,activity_142,5
user_418,activity_42,1
user_292,activity_184,2
user_430,activity_91,5
user_397,activity_52,4
user_33,activity_75,1
user_407,activity_196,3
user_231,activity_6,4
user_37,activity_51,4
user_220,activity_239,5
user_492,activity_48,5
user_270,activity_13,2
user_491,activity_14,2
user_62,activity_195,3
user_470,activity_92,1
user_308,activity_51,1
user_180,activity_56,4
user_362,activity_42,5
user_425,activity_259,5
user_132,activity_254,1
user_219,activity_40,4
user_254,activity_1,3
user_241,activity_148,3
user_244,activity_107,5
user_392,activity_211,4
user_25,activity_81,3
user_130,activity_99,1
user_400,activity_62,2
user_104,activity_104,5
user_14,activity_174,3
user_210,activity_258,4
user_343,activity_158,5
user_442,activity_250,3
user_164,activity_192,1
user_400,activity_64,3
user_494,activity_281,5
user_414,activity_281,2
user_327,activity_216,3
user_104,activity_183,1
user_329,activity_147,1
user_46,activity_86,5
user_436,activity_128,2
user_313,activity_146,4
user_409,activity_26,5
user_270,activity_173,5
user_252,activity_59,3
user_219,activity_258,3
user_145,activity_51,4
user_33,activity_95,5
user_88,activity_230,3
user_245,activity_110,2
user_277,activity_165,5
user_493,activity_290,3
user_127,activity_194,3
user_393,activity_142,3
user_110,activity_89,3
user_279,activity_223,5
user_131,activity_12,1
user_440,activity_97,5
user_303,activity_198,1
user_59,activity_249,4
user_148,activity_43,3
user_185,activity_107,4
user_77,activity_225,2
user_280,activity_252,4
user_447,activity_143,2
user_108,activity_193,3
user_466,activity_274,3
user_436,activity_242,2
user_450,activity_165,5
user_270,activity_86,2
user_45,activity_27,2
user_265,activity_174,4
user_310,activity_66,2
user_18,activity_155,1
user_155,activity_146,5
user_86,activity_19,5
user_332,activity_42,3
user_431,activity_27,3
user_259,activity_21,5
user_38,activity_289,1
user_299,activity_169,1
user_395,activity_129,3
user_155,activity_73,1
user_89,activity_66,4
user_199,activity_226,1
user_347,activity_232,2
user_85,activity_101,1
user_480,activity_213,4
user_164,activity_90,3
user_423,activity_100,2
user_363,activity_59,2
user_249,activity_47,5
user_226,activity_32,4
user_475,activity_164,1
user_291,activity_286,4
user_224,activity_285,4
user_171,activity_11,3
user_120,activity_243,2
user_187,activity_12,3
user_199,activity_73,4
user_327,activity_70,4
user_129,activity_42,5
user_212,activity_110,4
user_290,activity_22,2
user_60,activity_114,4
user_319,activity_66,1
user_174,activity_1,4
user_484,activity_283,3
user_53,activity_66,4
user_101,activity_119,1
user_469,activity_46,5
user_157,activity_158,1
user_371,activity_234,5
user_256,activity_164,5
user_84,activity_45,1
user_400,activity_46,5
user_478,activity_58,4
user_191,activity_5,5
user_143,activity_260,1
user_173,activity_231,4
user_446,activity_221,4
user_115,activity_25,5
user_364,activity_28,3
user_302,activity_278,5
user_105,activity_226,2
user_260,activity_15,1
user_159,activity_249,4
user_19,activity_111,2
user_467,activity_110,2
user_0,activity_57,5
user_220,activity_210,4
user_231,activity_261,4
user_102,activity_49,4
user_13,activity_132,1
user_295,activity_33,4
user_207,activity_198,3
user_77,activity_77,4
user_288,activity_32,4
user_275,activity_6,3
user_422,activity_23,2
user_335,activity_202,5
user_316,activity_197,1
user_308,activity_183,3
user_165,activity_273,5
user_102,activity_103,5
user_304,activity_168,4
user_140,activity_124,1
user_193,activity_99,2
user_4,activity_18,2
user_273,activity_253,1
user_31,activity_148,2
user_36,activity_176,5
user_182,activity_144,1
user_87,activity_45,5
user_18,activity_219,1
user_93,activity_250,2
user_281,activity_231,4
user_45,activity_13,5
user_318,activity_2,4
user_380,activity_156,2
user_418,activity_174,2
user_388,activity_249,3
user_202,activity_238,2
user_302,activity_94,5
user_333,activity_112,5
user_361,activity_288,1
user_445,activity_15,4
user_441,activity_229,4
user_216,activity_259,4
user_477,activity_94,4
user_230,activity_8,1
user_199,activity_160,5
user_310,activity_75,1
user_385,activity_140,3
user_387,activity_83,2
user_370,activity_47,3
user_77,activity_29,5
user_135,activity_139,1
user_485,activity_281,2
user_257,activity_269,2
user_127,activity_103,1
user_216,activity_60,4
user_240,activity_12,3
user_427,activity_239,1
user_94,activity_292,1
user_271,activity_165,3
user_496,activity_249,1
user_278,activity_125,4
user_490,activity_140,4
user_102,activity_225,2
user_253,activity_179,5
user_7,activity_103,1
user_33,activity_235,4
user_187,activity_21,5
user_438,activity_178,5
user_350,activity_12,4
user_83,activity_279,2
user_262,activity_165,5
user_67,activity_225,2
user_85,activity_132,2
user_489,activity_251,3
user_200,activity_106,2
user_436,activity_88,5
user_112,activity_136,3
user_342,activity_67,5
user_270,activity_19,1
user_488,activity_99,4
user_469,activity_76,4
user_172,activity_200,1
user_375,activity_207,2
user_10,activity_286,4
user_379,activity_77,3
user_171,activity_95,2
user_372,activity_272,3
user_384,activity_178,5
user_131,activity_271,4
user_436,activity_108,1
user_167,activity_179,2
user_479,activity_78,4
user_60,activity_120,2
user_69,activity_16,1
user_19,activity_68,1
user_101,activity_205,1
user_56,activity_82,1
user_384,activity_268,3
user_453,activity_186,1
user_349,activity_109,3
user_406,activity_137,3
user_402,activity_50,4
user_86,activity_67,4
user_466,activity_41,3
user_56,activity_225,4
user_247,activity_165,5
user_198,activity_177,4
user_25,activity_245,3
user_264,activity_19,2
user_236,activity_245,1
user_149,activity_9,1
user_223,activity_263,5
user_277,activity_273,2
user_431,activity_171,1
user_450,activity_25,5
user_349,activity_25,2
user_263,activity_137,3
user_241,activity_53,1
user_244,activity_61,3
user_294,activity_52,4
user_79,activity_15,2
user_140,activity_107,3
user_264,activity_289,1
user_474,activity_164,3
user_341,activity_151,2
user_431,activity_267,1
user_376,activity_140,5
user_369,activity_226,1
user_302,activity_117,5
user_443,activity_242,5
user_151,activity_127,4
user_145,activity_276,2
user_151,activity_110,5
user_472,activity_115,4
user_56,activity_250,4
user_161,activity_119,4
user_350,activity_98,2
user_150,activity_1,1
user_364,activity_64,5
user_120,activity_108,4
user_246,activity_92,4
user_102,activity_111,1
user_410,activity_61,4
user_402,activity_135,4
user_302,activity_257,5
user_221,activity_166,5
user_159,activity_165,5
user_266,activity_137,3
user_345,activity_247,4
user_208,activity_16,4
user_132,activity_187,4
user_137,activity_173,4
user_96,activity_170,2
user_182,activity_241,5
user_26,activity_59,2
user_249,activity_68,2
user_369,activity_20,3
user_487,activity_94,1
user_228,activity_124,2
user_321,activity_235,2
user_41,activity_275,1
user_67,activity_172,4
user_330,activity_124,2
user_46,activity_260,1
user_304,activity_123,5
user_161,activity_200,2
user_461,activity_274,1
user_187,activity_92,2
user_464,activity_106,1
user_364,activity_134,5
user_23,activity_27,3
user_272,activity_228,4
user_2,activity_217,3
user_431,activity_135,5
user_431,activity_2,1
user_72,activity_117,2
user_208,activity_33,1
user_317,activity_119,3
user_12,activity_68,1
user_332,activity_256,1
user_46,activity_259,4
user_446,activity_179,2
user_283,activity_125,3
user_247,activity_139,4
user_175,activity_173,1
user_73,activity_142,4
user_397,activity_111,3
user_368,activity_109,2
user_66,activity_85,3
user_226,activity_9,1
user_416,activity_287,3
user_111,activity_23,3
user_338,activity_167,5
user_427,activity_189,2
user_354,activity_195,1
user_204,activity_181,3
user_146,activity_267,3
user_69,activity_255,4
user_218,activity_296,1
user_361,activity_258,3
user_83,activity_155,3
user_425,activity_106,4
user_394,activity_154,5
user_235,activity_239,2
user_12,activity_34,4
user_404,activity_145,4
user_124,activity_109,5
user_276,activity_13,1
user_346,activity_231,4
user_123,activity_278,4
user_412,activity_29,3
user_89,activity_211,3
user_26,activity_216,4
user_214,activity_220,3
user_258,activity_265,1
user_127,activity_210,3
user_175,activity_132,5
user_319,activity_13,2
user_409,activity_71,5
user_390,activity_15,5
user_55,activity_104,4
user_483,activity_47,1
user_110,activity_37,5
user_239,activity_120,2
user_232,activity_35,5
user_461,activity_3,4
user_55,activity_41,4
user_113,activity_236,5
user_173,activity_254,2
user_416,activity_276,1
user_68,activity_229,3
user_303,activity_35,1
user_158,activity_148,3
user_474,activity_71,5
user_189,activity_95,2
user_321,activity_277,1
user_262,activity_106,4
user_127,activity_292,3
user_0,activity_297,4
user_407,activity_180,3
user_439,activity_7,3
user_428,activity_26,4
user_145,activity_90,2
user_4,activity_81,3
user_218,activity_117,1
user_463,activity_69,3
user_262,activity_141,1
user_42,activity_284,1
user_228,activity_220,4
user_116,activity_69,2
user_69,activity_109,3
user_131,activity_55,5
user_442,activity_88,1
user_130,activity_217,3
user_474,activity_99,1
user_56,activity_180,3
user_367,activity_217,1
user_345,activity_155,5
user_441,activity_186,4
user_149,activity_263,2
user_432,activity_297,3
user_422,activity_210,1
user_293,activity_151,4
user_59,activity_65,5
user_415,activity_105,4
user_175,activity_38,2
user_366,activity_103,5
user_203,activity_7,2
user_395,activity_42,3
user_109,activity_209,5
user_355,activity_48,3
user_154,activity_136,1
user_198,activity_70,4
user_6,activity_199,3
user_492,activity_137,2
user_454,activity_212,5
user_253,activity_100,1
user_90,activity_247,1
user_125,activity_3,3
user_425,activity_258,3
user_258,activity_190,1
user_414,activity_137,1
user_469,activity_125,1
user_404,activity_229,4
user_344,activity_19,1
user_48,activity_134,5
user_47,activity_268,3
user_257,activity_15,5
user_326,activity_132,2
user_382,activity_31,1
user_268,activity_24,5
user_315,activity_58,5
user_155,activity_275,2
user_388,activity_209,4
user_486,activity_56,1
user_458,activity_53,1
user_367,activity_292,4
user_303,activity_251,2
user_190,activity_278,4
user_12,activity_43,1
user_159,activity_153,2
user_180,activity_13,4
user_376,activity_291,3
user_119,activity_252,4
user_265,activity_30,5
user_218,activity_80,1
user_30,activity_233,2
user_404,activity_35,1
user_131,activity_131,1
user_8,activity_29,3
user_300,activity_3,5
user_236,activity_22,5
user_71,activity_229,3
user_207,activity_207,3
user_64,activity_264,2
user_300,activity_174,3
user_151,activity_265,1
user_460,activity_162,1
user_237,activity_198,4
user_15,activity_295,4
user_275,activity_238,5
user_300,activity_5,4
user_253,activity_294,2
user_106,activity_294,5
user_167,activity_250,2
user_53,activity_239,4
user_208,activity_164,2
user_64,activity_101,3
user_356,activity_299,3
user_76,activity_47,2
user_382,activity_208,1
user_444,activity_83,2
user_28,activity_115,2
user_268,activity_46,3
user_52,activity_217,4
user_76,activity_203,4
user_155,activity_1,5
user_312,activity_56,2
user_470,activity_57,4
user_492,activity_156,3
user_74,activity_288,3
user_74,activity_77,1
user_486,activity_66,5
user_466,activity_163,4
user_171,activity_253,2
user_187,activity_190,5
user_214,activity_85,2
user_105,activity_295,3
user_46,activity_64,3
user_474,activity_145,2
user_285,activity_65,5
user_92,activity_93,2
user_132,activity_78,4
user_7,activity_158,4
user_148,activity_90,4
user_473,activity_288,2
user_473,activity_167,1
user_186,activity_270,2
user_384,activity_10,2
user_64,activity_171,2
user_145,activity_208,2
user_226,activity_185,5
user_463,activity_133,3
user_296,activity_170,5
user_460,activity_17,2
user_59,activity_87,3
user_67,activity_277,5
user_73,activity_65,2
user_336,activity_236,2
user_148,activity_106,5
user_75,activity_8,4
user_294,activity_279,5
user_117,activity_289,5
user_424,activity_50,4
user_121,activity_166,2
user_7,activity_44,5
user_283,activity_106,3
user_192,activity_61,2
user_120,activity_279,4
user_276,activity_93,3
user_175,activity_120,5
user_484,activity_162,3
user_397,activity_175,1
user_378,activity_172,3
user_63,activity_100,2
user_462,activity_65,3
user_44,activity_86,2
user_66,activity_258,5
user_425,activity_177,3
user_279,activity_16,2
user_449,activity_171,2
user_148,activity_34,1
user_28,activity_262,5
user_52,activity_278,1
user_391,activity_75,2
user_462,activity_116,2
user_174,activity_233,5
user_251,activity_294,2
user_450,activity_5,5
user_72,activity_35,3
user_386,activity_232,1
user_205,activity_43,3
user_416,activity_92,3
user_338,activity_82,5
user_281,activity_20,4
user_375,activity_129,4
user_413,activity_282,4
user_49,activity_94,5
user_336,activity_131,1
user_397,activity_275,4
user_12,activity_2,2
user_473,activity_223,3
user_384,activity_89,1
user_34,activity_13,3
user_396,activity_212,2
user_2,activity_178,4
user_163,activity_234,1
user_359,activity_115,4
user_375,activity_141,4
user_496,activity_237,2
user_151,activity_60,2
user_85,activity_136,1
user_229,activity_127,2
user_396,activity_177,5
user_5,activity_35,4
user_280,activity_299,5
user_284,activity_49,5
user_455,activity_109,5
user_377,activity_251,1
user_25,activity_261,4
user_355,activity_267,3
user_2,activity_62,4
user_447,activity_228,3
user_17,activity_79,3
user_484,activity_254,3
user_125,activity_254,4
user_203,activity_171,1
user_244,activity_190,2
user_319,activity_181,5
user_360,activity_198,4
user_164,activity_241,4
user_129,activity_226,2
user_43,activity_195,4
user_466,activity_256,1
user_271,activity_8,1
user_436,activity_200,3
user_374,activity_139,1
user_398,activity_266,5
user_403,activity_71,2
user_112,activity_106,2
user_312,activity_116,3
user_119,activity_146,2
user_295,activity_102,4
user_244,activity_208,5
user_427,activity_108,1
user_347,activity_49,4
user_104,activity_26,1
user_272,activity_136,4
user_300,activity_31,5
user_264,activity_29,4
user_165,activity_0,4
user_248,activity_260,3
user_163,activity_200,4
user_113,activity_216,4
user_280,activity_201,3
user_134,activity_233,5
user_195,activity_42,1
user_419,activity_141,2
user_71,activity_223,3
user_127,activity_105,5
user_214,activity_70,4
user_152,activity_66,2
user_259,activity_227,5
user_329,activity_245,3
user_156,activity_115,3
user_17,activity_171,1
user_15,activity_239,2
user_55,activity_78,4
user_192,activity_4,2
user_277,activity_99,5
user_320,activity_85,3
user_78,activity_185,4
user_105,activity_62,4
user_315,activity_80,1
user_127,activity_182,3
user_184,activity_219,1
user_341,activity_153,5
user_139,activity_70,5
user_397,activity_129,5
user_118,activity_261,4
user_473,activity_102,1
user_36,activity_141,5
user_7,activity_230,5
user_396,activity_295,3
user_347,activity_17,1
user_82,activity_287,2
user_460,activity_214,1
user_219,activity_288,2
user_157,activity_103,2
user_101,activity_126,5
user_431,activity_295,3
user_79,activity_140,2
user_30,activity_62,5
user_395,activity_273,3
user_283,activity_79,4
user_271,activity_76,2
user_220,activity_281,4
user_360,activity_76,5
user_163,activity_8,3
user_75,activity_244,2
user_184,activity_31,3
user_249,activity_56,4
user_143,activity_83,1
user_463,activity_165,3
user_157,activity_248,2
user_481,activity_77,4
user_272,activity_251,3
user_14,activity_159,5
user_468,activity_112,1
user_252,activity_185,3
user_226,activity_15,4
user_353,activity_110,1
user_40,activity_47,4
user_107,activity_160,1
user_358,activity_127,2
user_150,activity_254,2
user_29,activity_44,5
user_77,activity_287,4
user_268,activity_52,4
user_181,activity_33,4
user_305,activity_248,2
user_178,activity_46,2
user_339,activity_91,4
user_74,activity_201,5
user_406,activity_296,4
user_210,activity_133,2
user_65,activity_279,4
user_411,activity_116,5
user_369,activity_113,3
user_201,activity_58,2
user_14,activity_230,1
user_164,activity_198,4
user_353,activity_34,2
user_244,activity_286,3
user_451,activity_279,4
user_422,activity_181,1
user_146,activity_175,3
user_415,activity_174,1
user_418,activity_144,2
user_366,activity_28,4
user_272,activity_13,1
user_305,activity_188,4
user_369,activity_36,3
user_122,activity_82,1
user_101,activity_82,4
user_67,activity_47,1
user_74,activity_21,4
user_464,activity_266,3
user_119,activity_245,5
user_20,activity_109,2
user_409,activity_135,4
user_327,activity_289,3
user_399,activity_86,4
user_218,activity_240,3
user_319,activity_257,5
user_255,activity_281,4
user_82,activity_106,5
user_96,activity_211,5
user_7,activity_293,5
user_80,activity_107,1
user_66,activity_173,2
user_350,activity_42,3
user_301,activity_199,5
user_418,activity_38,4
user_306,activity_3,1
user_335,activity_76,4
user_178,activity_132,5
user_275,activity_151,4
user_289,activity_108,2
user_466,activity_145,4
user_182,activity_71,3
user_206,activity_172,5
user_271,activity_213,4
user_268,activity_19,2
user_482,activity_146,5
user_164,activity_5,4
user_341,activity_242,4
user_161,activity_282,3
user_430,activity_224,2
user_233,activity_23,1
user_273,activity_275,3
user_445,activity_207,4
user_287,activity_123,4
user_456,activity_282,4
user_96,activity_190,2
user_446,activity_272,1
user_48,activity_209,4
user_22,activity_97,5
user_406,activity_189,4
user_341,activity_22,1
user_162,activity_66,2
user_288,activity_45,1
user_428,activity_146,3
user_120,activity_77,2
user_294,activity_240,2
user_255,activity_276,4
user_26,activity_1,1
user_463,activity_294,3
user_382,activity_238,5
user_381,activity_183,2
user_461,activity_55,1
user_27,activity_70,2
user_447,activity_183,1
user_374,activity_40,4
user_491,activity_259,1
user_413,activity_83,2
user_332,activity_135,5
user_171,activity_275,4
user_177,activity_26,1
user_307,activity_195,5
user_17,activity_294,5
user_293,activity_51,4
user_468,activity_251,3
user_400,activity_200,1
user_98,activity_139,3
user_47,activity_277,3
user_247,activity_176,4
user_78,activity_63,1
user_449,activity_255,3
user_456,activity_197,3
user_436,activity_14,2
user_454,activity_74,2
user_114,activity_38,2
user_363,activity_272,4
user_290,activity_46,4
user_319,activity_94,1
user_360,activity_12,2
user_404,activity_64,4
user_241,activity_7,4
user_303,activity_42,4
user_180,activity_84,3
user_274,activity_22,3
user_305,activity_298,3
user_103,activity_50,2
user_111,activity_243,1
user_71,activity_138,5
user_468,activity_48,2
user_221,activity_76,5
user_293,activity_124,5
user_339,activity_160,5
user_113,activity_78,2
user_130,activity_172,5
user_284,activity_1,1
user_368,activity_250,2
user_492,activity_107,4
user_179,activity_212,5
user_71,activity_282,3
user_226,activity_82,5
user_145,activity_119,1
user_280,activity_282,4
user_105,activity_299,3
user_35,activity_146,1
user_158,activity_264,4
user_201,activity_154,5
user_296,activity_84,1
user_279,activity_244,4
user_361,activity_8,2
user_246,activity_277,3
user_246,activity_234,1
user_355,activity_12,1
user_44,activity_138,4
user_354,activity_235,5
user_104,activity_249,4
user_445,activity_93,4
user_474,activity_297,3
user_452,activity_132,1
user_154,activity_27,2
user_474,activity_115,1
user_233,activity_0,4
user_239,activity_57,1
user_25,activity_76,1
user_216,activity_261,4
user_157,activity_205,3
user_414,activity_133,3
user_332,activity_267,2
user_52,activity_98,4
user_400,activity_27,4
user_405,activity_101,3
user_279,activity_285,2
user_321,activity_77,1
user_337,activity_12,2
user_491,activity_81,1
user_496,activity_212,1
user_308,activity_39,3
user_279,activity_225,4
user_244,activity_254,1
user_22,activity_53,5
user_48,activity_77,1
user_357,activity_121,4
user_358,activity_89,2
user_192,activity_243,5
user_145,activity_140,2
user_338,activity_110,4
user_366,activity_280,2
user_13,activity_133,4
user_83,activity_157,2
user_93,activity_296,1
user_163,activity_97,2
user_71,activity_269,2
user_367,activity_67,1
user_54,activity_167,1
user_24,activity_130,5
user_101,activity_281,4
user_262,activity_119,3
user_230,activity_290,1
user_160,activity_77,2
user_440,activity_27,4
user_293,activity_123,5
user_91,activity_254,1
user_5,activity_168,4
user_386,activity_298,3
user_13,activity_193,5
user_387,activity_153,3
user_395,activity_257,1
user_290,activity_9,1
user_170,activity_20,3
user_367,activity_125,5
user_340,activity_212,4
user_171,activity_246,5
user_230,activity_200,5
user_401,activity_148,4
user_499,activity_225,2
user_306,activity_168,1
user_279,activity_151,1
user_37,activity_43,1
user_498,activity_240,2
user_330,activity_209,4
user_85,activity_42,2
user_39,activity_168,4
user_460,activity_108,1
user_243,activity_279,4
user_35,activity_44,2
user_27,activity_153,4
user_90,activity_37,3
user_227,activity_201,5
user_488,activity_253,5
user_499,activity_186,3
user_358,activity_113,4
user_4,activity_67,4
user_122,activity_172,1
user_461,activity_266,5
user_161,activity_213,3
user_422,activity_25,3
user_291,activity_188,2
user_229,activity_58,2
user_311,activity_135,3
user_454,activity_119,1
user_462,activity_24,2
user_11,activity_86,3
user_108,activity_265,2
user_481,activity_101,1
user_492,activity_136,5
user_420,activity_141,5
user_72,activity_166,3
user_438,activity_110,1
user_351,activity_18,2
user_461,activity_49,1
user_338,activity_80,4
user_274,activity_282,4
user_248,activity_146,1
user_434,activity_6,5
user_170,activity_68,1
user_362,activity_185,2
user_203,activity_41,5
user_153,activity_273,2
user_50,activity_211,5
user_2,activity_253,3
user_334,activity_255,2
user_172,activity_149,3
user_445,activity_112,4
user_242,activity_56,1
user_406,activity_59,1
user_215,activity_232,5
user_207,activity_62,1
user_25,activity_176,5
user_72,activity_166,1
user_64,activity_68,1
user_235,activity_197,4
user_172,activity_281,4
user_295,activity_133,3
user_37,activity_195,3
user_84,activity_29,2
user_98,activity_189,4
user_90,activity_29,5
user_37,activity_59,2
user_179,activity_284,4
user_20,activity_144,1
user_498,activity_145,1
user_374,activity_165,4
user_202,activity_243,1
user_467,activity_200,1
user_313,activity_258,5
user_22,activity_245,3
user_492,activity_86,3
user_474,activity_26,2
user_288,activity_222,2
user_147,activity_226,2
user_414,activity_293,5
user_40,activity_190,5
user_383,activity_277,2
user_473,activity_141,3
user_293,activity_97,4
user_276,activity_42,4
user_45,activity_235,4
user_30,activity_160,4
user_70,activity_7,1
user_385,activity_51,5
user_292,activity_299,1
user_372,activity_37,3
user_379,activity_230,4
user_178,activity_185,1
user_200,activity_12,3
user_213,activity_219,4
user_355,activity_257,2
user_35,activity_192,5
user_49,activity_31,2
user_42,activity_46,5
user_430,activity_62,3
user_346,activity_100,5
user_106,activity_91,4
user_184,activity_215,4
user_35,activity_17,1
user_418,activity_195,2
user_263,activity_207,4
user_270,activity_262,2
user_272,activity_213,4
user_209,activity_173,5
user_15,activity_196,2
user_383,activity_243,4
user_248,activity_104,3
user_286,activity_168,4
user_46,activity_42,1
user_305,activity_220,1
user_199,activity_143,2
user_27,activity_277,1
user_331,activity_146,1
user_177,activity_166,3
user_73,activity_238,1
user_262,activity_251,5
user_110,activity_179,4
user_307,activity_206,2
user_23,activity_25,5
user_217,activity_9,1
user_244,activity_205,2
user_111,activity_204,3
user_456,activity_70,2
user_247,activity_117,1
user_85,activity_22,1
user_26,activity_80,4
user_198,activity_42,4
user_338,activity_83,4
user_422,activity_295,1
user_488,activity_58,5
user_358,activity_240,1
user_367,activity_97,1
user_428,activity_145,4
user_315,activity_257,2
user_346,activity_13,5
user_244,activity_267,4
user_310,activity_216,4
user_473,activity_35,2
user_386,activity_256,1
user_198,activity_47,5
user_146,activity_161,3
user_432,activity_229,2
user_177,activity_55,1
user_227,activity_238,2
user_333,activity_249,1
user_105,activity_188,4
user_73,activity_9,3
user_215,activity_289,5
user_475,activity_39,1
user_126,activity_288,4
user_70,activity_136,5
user_353,activity_298,2
user_344,activity_268,3
user_51,activity_16,5
user_12,activity_189,3
user_339,activity_263,5
user_103,activity_197,4
user_443,activity_168,5
user_248,activity_255,2
user_201,activity_243,5
user_463,activity_285,2
user_436,activity_237,3
user_52,activity_84,1
user_429,activity_212,5
user_360,activity_103,5
user_176,activity_146,4
user_454,activity_80,1
user_36,activity_153,2
user_58,activity_223,1
user_239,activity_292,4
user_98,activity_175,5
user_271,activity_19,5
user_299,activity_45,2
user_63,activity_130,1
user_458,activity_202,1
user_469,activity_297,2
user_173,activity_72,4
user_58,activity_20,2
user_405,activity_156,1
user_60,activity_63,5
user_167,activity_202,1
user_244,activity_105,1
user_121,activity_181,4
user_301,activity_260,1
user_405,activity_69,3
user_137,activity_166,2
user_30,activity_11,3
user_107,activity_193,4
user_132,activity_280,3
user_162,activity_277,5
user_469,activity_202,3
user_222,activity_236,5
user_455,activity_191,4
user_105,activity_3,2
user_306,activity_19,2
user_136,activity_79,2
user_357,activity_24,4
user_168,activity_58,5
user_40,activity_37,5
user_274,activity_269,5
user_398,activity_2,5
user_372,activity_15,1
user_238,activity_262,5
user_14,activity_128,2
user_240,activity_114,5
user_221,activity_213,4
user_79,activity_262,2
user_241,activity_269,2
user_188,activity_296,5
user_458,activity_231,5
user_191,activity_202,5
user_112,activity_35,3
user_447,activity_277,2
user_311,activity_16,4
user_472,activity_16,2
user_475,activity_209,3
user_401,activity_77,2
user_57,activity_17,1
user_134,activity_9,5
user_340,activity_82,5
user_43,activity_131,5
user_498,activity_17,5
user_482,activity_293,4
user_471,activity_171,3
user_18,activity_119,4
user_224,activity_65,5
user_445,activity_188,5
user_157,activity_97,3
user_245,activity_235,1
user_360,activity_240,2
user_337,activity_274,1
user_402,activity_215,1
user_297,activity_179,4
user_259,activity_259,5
user_296,activity_107,5
user_356,activity_12,4
user_455,activity_280,2
user_114,activity_235,2
user_9,activity_198,4
user_49,activity_141,2
user_157,activity_29,2
user_30,activity_235,5
user_147,activity_176,2
user_34,activity_22,2
user_96,activity_229,3
user_370,activity_99,5
user_467,activity_54,3
user_7,activity_127,5
user_6,activity_257,5
user_389,activity_219,2
user_35,activity_44,2
user_308,activity_8,3
user_86,activity_176,2
user_194,activity_10,2
user_418,activity_121,3
user_330,activity_30,4
user_445,activity_223,1
user_211,activity_91,1
user_330,activity_128,3
user_196,activity_41,2
user_227,activity_193,2
user_332,activity_242,5
user_275,activity_126,3
user_61,activity_287,2
user_177,activity_165,4
user_329,activity_246,1
user_21,activity_95,2
user_249,activity_136,5
user_319,activity_60,2
user_477,activity_94,4
user_286,activity_154,2
user_408,activity_68,5
user_114,activity_7,1
user_270,activity_248,1
user_262,activity_223,3
user_270,activity_164,3
user_294,activity_133,3
user_210,activity_91,1
user_489,activity_126,3
user_334,activity_9,3
user_86,activity_66,3
user_145,activity_152,3
user_147,activity_185,5
user_341,activity_177,1
user_334,activity_265,5
user_246,activity_253,4
user_28,activity_265,5
user_46,activity_150,2
user_214,activity_131,4
user_112,activity_251,3
user_340,activity_52,2
user_323,activity_192,1
user_96,activity_197,3
user_171,activity_62,1
user_294,activity_210,5
user_281,activity_171,4
user_405,activity_219,4
user_467,activity_235,3
user_165,activity_186,2
user_51,activity_188,1
user_161,activity_294,1
user_376,activity_164,1
user_373,activity_159,1
user_17,activity_172,5
user_351,activity_32,5
user_209,activity_163,1
user_406,activity_4,2
user_279,activity_144,1
user_347,activity_229,5
user_277,activity_270,5
user_14,activity_241,2
user_152,activity_52,5
user_357,activity_218,1
user_287,activity_276,4
user_427,activity_82,2
user_217,activity_225,4
user_289,activity_264,5
user_474,activity_206,1
user_492,activity_245,4
user_372,activity_258,2
user_18,activity_22,1
user_492,activity_203,5
user_141,activity_142,3
user_270,activity_109,5
user_189,activity_178,4
user_205,activity_5,1
user_30,activity_5,3
user_206,activity_156,3
user_458,activity_288,4
user_450,activity_139,1
user_299,activity_12,4
user_312,activity_108,5
user_375,activity_148,4
user_306,activity_20,4
user_434,activity_20,3
user_381,activity_244,1
user_448,activity_75,2
user_77,activity_64,2
user_55,activity_258,2
user_189,activity_5,4
user_404,activity_257,2
user_478,activity_89,2
user_86,activity_249,4
user_112,activity_29,5
user_54,activity_33,1
user_171,activity_21,1
user_148,activity_271,4
user_298,activity_171,2
user_274,activity_206,5
user_394,activity_241,5
user_195,activity_163,4
user_450,activity_201,1
user_212,activity_50,2
user_270,activity_64,4
user_9,activity_233,2
user_243,activity_266,5
user_200,activity_238,3
user_414,activity_245,2
user_7,activity_151,3
user_366,activity_157,2
user_85,activity_54,1
user_121,activity_107,4
user_420,activity_197,4
user_244,activity_202,5
user_177,activity_23,2
user_339,activity_260,1
user_85,activity_68,3
user_439,activity_15,5
user_395,activity_275,2
user_161,activity_191,5
user_410,activity_112,1
user_175,activity_148,2
user_423,activity_222,3
user_272,activity_188,2
user_377,activity_89,4
user_199,activity_54,2
user_172,activity_199,3
user_101,activity_284,2
user_90,activity_176,1
user_230,activity_28,3
user_300,activity_194,3
user_238,activity_266,2
user_127,activity_261,3
user_61,activity_132,1
user_27,activity_210,4
user_474,activity_204,5
user_37,activity_42,5
user_404,activity_189,1
user_202,activity_232,5
user_208,activity_247,5
user_0,activity_216,3
user_248,activity_68,3
user_7,activity_274,4
user_314,activity_35,4
user_154,activity_76,5
user_437,activity_29,5
user_121,activity_143,4
user_454,activity_246,3
user_44,activity_252,3
user_206,activity_6,2
user_109,activity_113,3
user_301,activity_275,5
user_359,activity_287,2
user_57,activity_49,4
user_341,activity_149,5
user_212,activity_65,5
user_298,activity_150,5
user_319,activity_254,1
user_136,activity_134,1
user_53,activity_64,2
user_131,activity_31,4
user_385,activity_242,4
user_88,activity_48,4
user_190,activity_148,5
user_15,activity_295,2
user_282,activity_103,1
user_145,activity_34,1
user_307,activity_52,3
user_80,activity_103,2
user_368,activity_241,5
user_191,activity_232,2
user_33,activity_242,3
user_258,activity_16,3
user_384,activity_111,5
user_387,activity_144,4
user_177,activity_135,2
user_314,activity_17,3
user_154,activity_271,2
user_265,activity_15,4
user_74,activity_211,3
user_128,activity_282,3
user_267,activity_29,1
user_308,activity_164,1
user_425,activity_259,3
user_90,activity_214,3
user_414,activity_102,2
user_246,activity_233,2
user_131,activity_234,3
user_334,activity_98,1
user_461,activity_116,1
user_25,activity_135,2
